338166	Ahoj, jak se máš?	542215	Salut, comment vas-tu ?
338181	Všichni lidé rodí se svobodní a sobě rovní co do důstojnosti a práv. Jsou nadáni rozumem a svědomím a mají spolu jednat v duchu bratrství.	338179	Tous les êtres humains naissent libres et égaux en dignité et en droits. Ils sont doués de raison et de conscience et doivent agir les uns envers les autres dans un esprit de fraternité.
354549	Všechny moje dorty jsou chutné!	354540	Tous mes gâteaux sont délicieux !
354556	Máme ještě mnoho času.	331914	Nous avons encore beaucoup de temps.
458918	Nebojte se mluvit anglicky s chybami.	9816	N'aie pas peur de faire des erreurs quand tu parles anglais.
460486	Tatoeba je droga.	705362	Tatoeba, c’est une drogue.
463650	Před nádražím je banka.	1318167	Il y a une banque devant la gare.
521569	Rád objimám Veroniku.	521564	J’aime serrer Veronika dans mes bras.
521604	Líbí se mi, když mi odesilá pohlednice.	521594	J’aime quand elle m’envoie des cartes postales.
534316	Jak se téhle zelenině říká anglicky?	521935	Comment on appelle ce légume en anglais ?
551329	Krabice je ze dřeva.	139588	La boîte est en bois.
565694	Jsem úplně vyčerpaný.	551928	J’ai un coup de pompe.
565704	Rozloučil jsem se s přítelem na nádraží.	551919	Il a dit au revoir à son ami à la gare.
565712	Hned jsme se spřátelili.	551947	Nous avons tout de suite sympathisé.
565722	Požádal, abych mu peníze okamžitě vratil.	553694	Il a exigé que je lui rende l’argent rapidement.
601809	Voda mrzne při 0 stupních.	895015	L'eau gèle à zéro degré Celsius.
601817	I tak je to možné říci.	474123	Vous pouvez tout aussi bien le dire.
601820	Toho člověka nesnáším.	1279	Je ne supporte pas ce type.
646749	Strč prst skrz krk!	646750	Enfonce ton doigt dans ta gorge !
696471	Prosím, řekněte jasně ano, nebo ne.	1318150	S'il vous plaît, dites clairement oui ou non.
696480	Včera byl čtvrtek.	1318127	Hier, c'était jeudi.
871504	Kde jste se naučil tak dobře česky?	2381659	Où est-ce que vous avez si bien appris le tchèque ?
871512	Promiňte, jsem cizinec a neumím moc česky.	2381669	Excusez-moi, je suis étranger et je ne parle pas beaucoup tchèque.
871535	Já jsem cizinec a neumím moc česky. Mluvte prosím pomalu.	2381676	Je suis étranger et je ne parle pas beaucoup tchèque. Parlez lentement s'il vous plait.
873611	Je to ještě daleko?	1318125	C'est encore loin ?
873657	Profesor učí český jazyk.	2381537	Le professeur enseigne le tchèque.
873661	Učím se česky.	1319379	J'apprends le tchèque.
1002484	To je dobrá otázka.	1041603	C'est une bonne question.
1047889	Nebude to tak dlouho trvat.	1318133	Ça ne va pas durer aussi longtemps.
1047981	Znám pravdu.	6290	Je connais la vérité.
1048016	Jsem kluk.	6311	Je suis un garçon.
1048022	Vůbec nemám hlad.	6317	Je n'ai pas faim du tout.
1048536	Na počátku stvořil Bůh nebe a zemi.	786401	Au commencement, Dieu créa les cieux et la terre.
1048536	Na počátku stvořil Bůh nebe a zemi.	1048576	Au commencement, Dieu créa le ciel et la terre.
1058203	Svět je blázinec.	3456	Le monde est une cage à fous.
1059249	Ach! Rozbil se mi počítač.	3734	Aaah ! ! Mon ordinateur est cassé !
1059770	Chcete se se mnou vyspat?	683408	Voulez-vous coucher avec moi  ?
1059992	Jsem gay.	2707397	Je suis gay.
1065080	Jsem zvědavý.	3252	Je suis curieux.
1096785	Jeden plus dvě se rovná tři.	475770	Un plus deux égale trois.
1096785	Jeden plus dvě se rovná tři.	524931	Un plus deux est égal à trois.
1105808	Sylvia milovala koncerty.	1318143	Sylvia aimait les concerts.
1114423	Nepláču.	1114634	Je ne pleure pas.
1131629	Nerozumíme ničemu z toho, co říkáte.	568652	Nous ne comprenons rien à ce que vous dites.
1131640	Nerozumíme si navzájem.	1076306	Nous ne nous comprenons mutuellement pas.
1131644	Učím se dva cizí jazyky.	6710	J'apprends deux langues étrangères.
1131666	V dnešní době toužíme, aby naše děti dělaly svá vlastní rozhodnutí, ovšem chceme se s těmito rozhodnutími ztotožňovat.	3622	De nos jours nous désirons que nos enfants prennent leurs propres décisions, mais nous voulons que ces décisions nous conviennent.
1131708	Nemáš mě rád.	1131698	Tu ne m'aimes pas.
1131710	Nespadají do této kategorie.	1131706	Ils ne relèvent pas de cette catégorie.
1131723	Doufám, že vás uvidím příští neděli.	1131713	J'espère vous voir dimanche prochain.
1131733	Jazyk může být používán rozličnými způsoby.	1131720	Une langue peut être utilisée de diverses manières.
1131890	Prohýbá se pod tíhou tašky.	1130419	Il courbe sous le poids du sac.
1131894	Kolik váží váš kufr?	335756	Quel est le poids de votre valise ?
1131899	Lidé, kteří nerozumí tomu, co říkám, ať zvednou ruku.	1131897	Que les personnes qui ne comprennent pas ce que je dis lèvent la main.
1132440	Každému odsouzenci na smrt bude sťata hlava.	1131875	Tout condamné à mort aura la tête tranchée.
1132487	V Singapuru se hovoří anglicky.	1126797	On parle anglais à Singapour.
1132489	Nebudu jíst zmrzlinu.	1132446	Je ne mangerai pas de crème glacée.
1132492	Měl jsem potíže se sháněním vstupenky na koncert.	1132162	J'ai eu des difficultés à me procurer un billet pour le concert.
1133152	Piknik byl zrušen kvůli dešti.	181704	Le pique-nique a été annulé à cause de la pluie.
1133165	Musíte se postarat o vašeho psa sami.	1132274	Vous devez vous occuper de votre chien vous-même.
1133230	Chci to udělat sám.	1133227	Je veux le faire par moi-même.
1133240	Jakých koncovek nabývá to sloveso v přítomném čase?	1133232	Quelles terminaisons prend le verbe au présent ?
1133283	Národnostní menšiny bojují proti předsudkům, chudobě a útlaku.	1133277	Les minorités ethniques luttent contre les préjugés, la pauvreté et l'oppression.
1133284	Nechci být v jeho kůži.	1133282	Je ne veux pas être dans sa peau.
1133286	Všichni lidé jsou dobří v hloubi svých srdcí.	1133281	Tous les gens sont bons au fond de leur cœur.
1133291	Cože? Ještě pořád nemůžeš řídit?	1133285	Quoi ? Ne peux-tu toujours pas encore conduire ?
1133293	Neříká mi ani slovo.	1133288	Elle ne me dit pas un mot.
1133297	Kdyby jsi zmáčkl to tlačítko, motor by se zastavil.	1133290	Le moteur s'arrête si tu appuies sur le bouton.
1133298	Stále si barví vlasy.	1133295	Elle se teint toujours les cheveux.
1133301	Má ještě pochyby.	1133296	Il a encore des doutes.
1133346	Nevěří v boha.	1133340	Elle ne croit pas en Dieu.
1134099	Junko je krásná dívka.	128411	Junko est une belle fille.
1134244	Tři široce rozšířená monoteistická náboženství jsou křesťanství, islám a judaismus.	1134236	Les trois grandes religions monothéistes sont le christianisme, l'islam et le judaïsme.
1137410	To je nejkrásnější podíváná, kterou jsem kdy viděl.	483089	C'est la plus belle vue que j'ai jamais contemplée.
1137950	Včera jsem sestavil zesilovač.	1137949	Hier j'ai construit un amplificateur.
1137976	Je dost bohatý na to, aby koupil dvě auta.	1137971	Il est suffisamment riche pour acheter deux voitures.
1137986	Mohu pro vás něco udělat?	1137939	Est-ce que je peux faire quelque chose pour vous ?
1137995	Křeslo je přede dveřmi.	1137933	Le siège est près de la porte.
1137999	Od dnešního rána jsem přečetl tři knihy.	1137964	Depuis ce matin j'ai lu trois livres.
1138271	Co bychom měli udělat k návratu do naší doby?	1138259	Que devons-nous faire pour retourner à notre époque ?
1138275	Pospěšte prosím!	1138272	Dépêche-toi, s'il te plait !
1138279	Nevěděli jsme, které auto koupit.	1138274	Nous ne savions pas quelle voiture acheter.
1138284	Ten mladý muž je lékař.	1138277	Le jeune homme est médecin.
1138286	Ano, jsem ženatý.	1138283	Oui, je suis marié.
1138536	Kde je tvůj otec?	464115	Où se trouve ton père ?
1138549	Můžeme cestovat v čase. A děláme to pozoruhodnou rychlostí vteřinu za vteřinou.	2348330	Nous pouvons voyager dans le temps. Et nous le faisons à la vitesse incroyable d’une seconde par seconde.
1138555	Nikdy neotevírejte dveře vozu, který je v pohybu.	1185627	N'ouvrez jamais la porte d'un véhicule en marche.
1138563	Ken i Meg jsou oba moji přátelé.	11126	Ken et Meg sont tous deux mes amis.
1138628	Můžete si tuhle knihu přečíst.	748309	Vous pouvez lire ce livre.
1138681	Tom udělal mnoho chyb.	1138392	Tom a fait beaucoup d'erreurs.
1142676	Přeji vám mnoho úspěchů.	1142668	Je vous souhaite un bon succès.
1320375	Oči jsou zrcadlem duše.	414518	Les yeux sont le miroir de l'âme.
1324615	Miminko otevřelo pusu.	2381678	Le bébé a ouvert la bouche.
1336555	Nezáleži na věku, dítě je dítě.	10665	Peu importe l'âge, un enfant est un enfant.
1336570	Nezáleží na tom jak jsme si blízci, nemůžu mu to dát udělat.	10669	Peu importe que nous soyons proches ou non, je ne peux pas lui demander de faire cela.
1336580	Každopádně, půjdu když přestane pršet.	10671	Quoi qu'il arrive, je sortirai quand il ne pleuvra plus.
1443442	Četl jsem, že prezidentem Brazílie je žena. Jmenuje se Dilma.	1443397	J'ai lu que le président du Brésil est une femme. Elle s'appelle Dilma.
1497990	Podle vás je to pravda?	2381647	Est-ce vrai selon vous ?
1610975	Byla na místě činu.	678315	Elle était sur les lieux du crime.
1618774	Moc se těším na dovolenou.	2381522	Il me tarde les congés.
1626990	Děkuji, to je vše.	3472	Merci, c'est tout.
1634481	Proč s námi neobědváš?	486506	Pourquoi ne pas dîner avec nous ?
1657730	„Tome!“ „Mary!“	1076716	« Tom ! » « Mary ! »
1717781	To, co říkáš, je pravda.	409228	Ce que tu dis est vrai.
1742956	Zapomněl jsem zamknout sklad.	2381557	J'ai oublié de fermer à clé la réserve.
1802045	Všichni chceme, abys byla šťastná.	1803326	Nous voulons tous vraiment que tu sois heureuse.
1814747	Oholili mu hlavu.	1011747	On lui rasa la tête.
1826765	„Ekonomika od sebe vzdaluje oba břehy Atlantiku“ — tak shrnuje deník La Stampa důsledky nedávných prohlášení Baracka Obamy, podle kterého jsou špatné vyhlídky na hospodářský růst ve Spojených státech zaviněny špatným řízením krize v eurozóně.	1826762	“L’économie éloigne les deux rives de l’Atlantique”, La Stampa résume ainsi les conséquences des récentes déclarations de Barack Obama, selon lesquelles les maigres perspectives de croissance des États-Unis sont dues à la mauvaise gestion de la crise de la zone euro.
1838497	Budoucnost má hodně jmen.	1838501	L'avenir a plusieurs noms.
1845603	Na stole je váza.	1188695	Sur la table se trouve un vase.
2090561	Dívat se na krásné obrázky ji dělá velkou radost.	2381523	Regarder de jolies images lui procure beaucoup de plaisir.
2091063	Kde je má kancelář?	2381520	Où se trouvent mes bureaux ?
2144037	Nemohu to krvácení zastavit.	1949242	Je ne parviens pas à juguler l'hémorragie.
2147807	Je jaro.	1115718	C'est le printemps.
2155657	Sněží v Paříži.	2155590	Il neige à Paris.
2268328	Mě se zdá být krutá.	2765187	Elle me semble cruelle.
2268328	Mě se zdá být krutá.	2765189	Elle me paraît cruelle.
2269391	Na rozdíl od něj, je jeho syn velký.	2125680	Contrairement à lui, son fils est grand.
2309399	Drazí bratři a sestry!	2309360	Bien chers frères et sœurs !
2381547	Neni dobré lhát.	1337188	C'est mal de dire un mensonge.
2381687	Čím víc, tím líp.	547948	Plus on est de fous, plus on rit.
2409425	To je kniha o hvězdách.	119807	C'est un livre concernant les étoiles.
2409425	To je kniha o hvězdách.	1591308	C'est un livre qui traite des étoiles.
2594226	Je to hřebec, nebo klisna?	2535703	Est-ce un étalon ou une jument ?
2659228	Žijí.	2661280	Ils vivent.
2659231	Jsou na živu.	2661282	Ils sont vivants.
2659231	Jsou na živu.	2661283	Elles sont vivantes.
2775505	Otrokyně zkusila utéct.	1820488	L'esclave essaya de s'enfuir.
2775505	Otrokyně zkusila utéct.	1820489	L'esclave a essayé de s'enfuir.
3238834	Chtěla bych heřmánkový čaj.	381949	Je voudrais une camomille.
3238835	Chtěl bych heřmánkový čaj.	381949	Je voudrais une camomille.
3308920	Probírali plán mnoho hodin.	816187	Ils discutèrent du plan durant des heures.
3308921	Nezapomeň koupit mléko.	553644	N'oublie pas d'acheter du lait.
3308922	Tom je velmi dobrý v přidělování úkolů.	2740364	Tom a un grand talent pour la répartition des tâches.
3308923	Co můžeme ztratit?	2307714	Qu'avons-nous à perdre ?
3308925	Už jste někdy jela na koni?	1890403	Êtes-vous jamais montée à cheval ?
3308926	Můj otec chodí každý den na procházku.	14885	Mon père se promène tous les jours.
3308927	Ztratil jsem svojí baterku.	2383390	J'ai perdu ma lampe-torche.
3308928	Přirostli si k srdci.	2194331	Ils se sont approchés.
3308933	Jestlipak včera Tom pomohl své matce?	2144628	Est-ce que Tom a aidé sa mère hier ?
3308935	Pomohl Tom včera své matce?	2144628	Est-ce que Tom a aidé sa mère hier ?
3308936	Tato káva je na mě příliš silná.	459605	Ce café est trop fort pour moi.
3308946	Byl jsi varován.	2005494	Tu as été prévenue.
3308949	Nikde nezůstávám dostatečně dlouho na to, abych si udělal kamarádky.	1970574	Je ne reste jamais où que ce soit assez longtemps pour me faire des amies.
3308950	Budu vám každou noc volat.	1438084	Je vous téléphonerai toutes les nuits.
3308951	Každou noc vám zavolám.	1438084	Je vous téléphonerai toutes les nuits.
3308954	Politická strana překročila hranici pěti procent v prvních volebních průzkumech.	1121991	Le parti politique dépassait dans les premiers sondages la barre des cinq pour cent.
3308957	Má sestra nyní pracuje jako prodavačka v supermarketu.	935545	Ma sœur travaille actuellement comme vendeuse au supermarché.
3469358	Život je krásný.	3651	La vie est belle.
3515504	Šel jsem na pivo s přáteli.	442098	Je suis allé boire une bière avec mes amis.
3547288	Peking je hlavní město Číny.	389048	Pékin est la capitale de la Chine.
3574517	Mám jednoho syna.	3574508	J'ai un fils.
3690993	To je dobrý slovník.	3693047	C'est un bon dictionnaire.
3691000	Je něco nového?	3693045	Il y a du nouveau ?
3691014	Stále existují lidé, kteří neumějí číst.	3693016	Il existe encore des gens qui ne savent pas lire.
3691017	Jak dlouho jste byli v Bostonu?	3693014	Combien de temps êtes-vous restés à Boston ?
3695284	Je sporné, zda své domácí úkoly vypracoval sám.	3695546	Il est peu probable qu'il ait fait ses devoirs lui-même.
3695286	Cena za svobodu je neustálá ostražitost.	3695519	Le prix de la liberté est une constante vigilance.
3701828	To není dobré znamení.	1670138	Ce n'est pas bon signe.
3305821	Ta kniha je nová.	3706912	Le livre est nouveau.
3068367	Můj otec je teď v nemocnici.	134873	Mon père est maintenant à l'hôpital.
3753111	Nevím, v kolik bude zpátky.	763496	Je ne sais pas quand elle reviendra.
3547309	Tallinn je hlavní město Estonska.	2758440	Tallinn est la capitale de l'Estonie.
3864459	Lituji své chyby.	6393	Je suis désolé pour ce malentendu.
3864465	Jsem hotov.	6705	Je suis prêt.
3864467	Jsem alergický na pyl.	6722	Je suis allergique au pollen.
3864468	Jsem svobodný.	6725	Je suis libre.
3891428	Proč tak chlastáš?	2319978	Pourquoi buvez-vous autant ?
3928440	Odvrátil oči.	2254166	Il évita ses yeux.
3962100	To je ta, co to nabídla.	1910658	C'est elle qui l'a suggéré.
3962139	Tady je hodně vody.	3658575	Il y a plein d'eau.
3963324	Už máte být schopen to pochopit.	3207971	Vous devriez déjà pouvoir comprendre.
3963468	Tato hra se vám bude líbit.	2129368	Vous aimerez ce jeu.
3963535	Nikdy jsem nemyslel, že jsi to opravdu udělal.	2388278	Je n'ai jamais pensé que tu avais vraiment fait ça.
3964114	Ty nepřijímáš dárky.	2100698	Tu n'accepteras pas les cadeaux.
3315640	Vidím jeho dům.	3982510	Je vois sa maison.
2659024	Kočka spí na stole.	549142	Le chat dort sur la table.
4084891	Přinesla jablka, pomeranče a tak podobně.	666073	Elle a apporté des pommes, des oranges, et ainsi de suite.
4084895	A co teď?	397571	Et maintenant ?
4084926	A ještě něco.	4084928	Et encore une chose.
4084940	A tak jsem odešel.	4084939	Alors je suis parti.
4084950	Psal a psal.	4084952	Il n'arrêtait pas d'écrire.
4084963	Slíbil mi to, a stejně nepřišel.	4084967	Il n'est pas venu malgré sa promesse.
4084971	Díval se, a neviděl ho.	4084973	Il regarderait sans le voir.
4084982	Má rád hory.	4084984	Il aime la montagne.
4086837	Máme hlad.	2070841	Nous avions faim.
1796577	Tom neodpověděl na Maryinu otázku.	1337620	Thomas n'a pas répondu à la question de Marie.
1796577	Tom neodpověděl na Maryinu otázku.	1337617	Thomas ne répondit pas à la question de Marie.
1639131	Rád sleduji, když se svléká.	518333	J'aime la voir se déshabiller.
4159536	Moje matka rozkrájela koláč.	2342859	Ma mère a coupé le gâteau.
4159539	To zní velmi lákavě.	1337284	Ça a l'air très tentant.
4159541	Slíbila, že se za něj provdá.	1337241	Elle promit de l'épouser.
4159544	Ona mu často nadává.	1337237	Elle le traite souvent de tous les noms.
4159549	Dnes v noci se ochladí.	1337189	Ça va se rafraîchir ce soir.
4235959	Myslel jsem, že jsi přítel.	2159722	Je pensais que vous étiez un ami.
4244794	Má deset dětí.	354787	Elle a dix enfants.
3064693	Jak dlouho musím čekat na příští autobus?	3446573	Combien de temps dois-je attendre pour le prochain bus ?
1881386	To je tvůj problém, ne můj.	1903121	C'est ton problème, pas le mien.
4270763	Budova je vysoká sedm pater.	1543789	L'immeuble a sept étages.
4270809	Tom potřebuje nové boty.	2169111	Tom a besoin de nouvelles chaussures.
3238796	Jeden za všechny, všichni za jednoho.	437497	Un pour tous, tous pour un.
4286143	Barack Obama je křesťan.	1883862	Barack Obama est chrétien.
1700653	To je moje škole.	470434	C'est mon école.
3511384	Nemám čas číst knihy.	7895	Je n'ai pas le temps de lire des livres.
4407013	Cena je vysoká.	3057386	Le prix est élevé.
4412575	Zítra mám narozeniny.	1330312	Demain est mon anniversaire.
2605100	Narozeniny jsou důležité.	2592176	Les anniversaires sont importants.
3971596	Dneska mám narozeniny.	985620	Aujourd'hui c'est mon anniversaire.
3971596	Dneska mám narozeniny.	2840638	Aujourd'hui, c'est mon anniversaire.
4412575	Zítra mám narozeniny.	831538	Demain, c'est mon anniversaire.
4180133	Evoluce není názor, je to fakt.	3222439	L'évolution n'est pas une opinion, c'est un fait.
4424398	To je nezákonné!	1288203	C'est illégal !
4434149	Ztratíte čas.	2076735	Vous perdrez du temps.
4434146	Ztratíš čas.	2076712	Tu perdras du temps.
4434727	Špatně.	6458	Faux.
1680696	Jeden z mých přátel tě zná.	815091	Un de mes amis te connaît.
4445000	„Proč?“ — „Proč ne?“	2103839	« Pourquoi ? » - « Pourquoi pas ? »
4427171	Umím žonglovat se čtyřmi míčky.	4468576	Je sais jongler avec quatre balles.
4427162	Ty spíš s brýlemi?	4468577	Tu dors avec des lunettes ?
3524418	Ty ženy se mi líbily.	4468580	Ces femmes me plaisaient.
3518409	To je tvůj penis?	4468581	C'est ton pénis ?
3518410	Který penis je tvůj?	4468582	Quel pénis est à toi ?
4469531	Mám slona.	4442884	J'ai un éléphant.
4470582	Jakub hraje pólo.	1018898	Jacob joue au polo.
1501558	Požádal nás o pomoc.	478797	Il nous a demandé de l'aider.
4477472	To je ale bordel!	1737714	Quel bordel !
4480584	Kočka má dvě uši.	1194879	Le chat a deux oreilles.
4480584	Kočka má dvě uši.	1242262	Un chat a deux oreilles.
3498222	Vím vše, co potřebuji vědět.	2565719	Je sais tout ce que je dois savoir.
4556406	Nemluvím anglicky dobře, ačkoliv jsem se angličtinu učil šest let ve škole.	355079	Je ne parle pas bien l'anglais, bien que je l'aie étudié six ans à l'école.
3577243	Mám ráda čokoládu.	379728	J'aime le chocolat.
1702039	Promyslím si to.	180403	J'y penserai.
4615783	Myslím, že jsem v lese zahlédl elfa.	4115376	Je pense avoir vu un elfe dans la forêt.
2466021	To bude bolestivé.	1589097	Ça va être douloureux.
3512848	Jestli potřebuješ slovník, půjčím ti můj starý.	592243	Si tu as besoin d'un dictionnaire, je te prêterai mon vieux.
4642881	Je to velmi drahé.	4642895	Ça coûte très cher.
4643122	Dej mi prosím pět žetonů.	12852	Donne-moi cinq jetons, s'il te plaît.
1756508	Mám přítele, který je pilotem.	7928	J'ai un ami qui est pilote.
3547323	Hlavní město Maďarska je Budapešť.	2109624	La capitale de la Hongrie est Budapest.
4286182	Hlavním městem Maďarska je Budapešť.	2109624	La capitale de la Hongrie est Budapest.
4703405	Marie je z dobré rodiny.	1692713	Marie vient d'une bonne famille.
4703457	Myslím, že je příliš mladá.	2031212	Je pense qu'il est trop jeune.
4703459	Myslím, že je příliš mladý.	2031212	Je pense qu'il est trop jeune.
4706208	Chléb je hnědý.	1598949	Le pain est brun.
4706840	Mám pár návrhů.	2725909	J'ai quelques suggestions.
4719413	Nikdy s ním neměla schůzku.	1368736	Elle n'est jamais sortie avec lui.
4719414	Nikdy s ním nešla na rande.	1368736	Elle n'est jamais sortie avec lui.
4745010	Ty fakt nejseš hloupej.	3232	T'es vraiment pas bête.
4761683	Všichni, kromě něj, se zasmáli.	2341928	Tout le monde rit, à part lui.
4780354	Kdo se bojí, nesmí do lesa.	4780366	Qui a peur du loup ne va pas au bois.
3867587	Vstup do knihovny je zdarma.	180250	L'entrée de la bibliothèque est libre.
4995670	Itálie není Řecko.	2114306	L'Italie n'est pas la Grèce.
5019531	Ten večer neměla nic k jídlu a její děti už neměly sílu plakat. Zmlkly, když jsem přišel.	5019521	Ce soir, elle n'avait rien à manger, et ses enfants n'avaient plus la force de crier, ils se taisaient quand je suis arrivé.
5019535	Před třemi dny prodala své vlasy, nejkrásnější jaké jsem kdy viděl.	5019519	Il y a trois jours, elle a vendu ses cheveux, les plus beaux que j'aie jamais vus.
5019539	Tenhle chlapec je hráč a nevím, zda má raději ženy či víno.	5019514	Ce garçon est joueur, et je ne sais ce qu'il aime le mieux des femmes ou du vin.
5019542	Hle, tomu se říká dobře vychovaný mladík.	5018886	Voilà ce qui s’appelle un jeune homme bien élevé.
5019543	Tom je slepý.	5017568	Tom est aveugle.
3577297	Mají rádi jablka.	5017564	Ils aiment les pommes.
5019547	Nikdo nerozumí.	5017552	Personne ne comprend.
5019548	Pili.	2922999	Ils buvaient.
5019549	Příliš o něm mluvíš.	5015725	Tu parles de lui beaucoup trop.
5019551	Pocházím ze Saitamy.	5015721	Je suis originaire de Saitama.
5019553	Tom šetří na cestu do Austrálie.	5015708	Tom économise de l'argent pour un voyage en Australie.
5019556	Bylo jí tedy devatenáct.	5015609	Elle avait alors dix-neuf ans.
5019557	Jsou si vědomi svých chyb.	5015598	Ils sont conscients de leurs erreurs.
5019559	Nevypadáte dobře. Jste nemocný?	5014506	Vous n'avez pas très bonne mine. Vous êtes malade ?
5019562	Neházet nic z okna.	5014456	Ne rien jeter par la fenêtre.
5019567	Zdraví začíná dobrým spánkem.	5014411	La santé commence par un bon sommeil.
5019568	Musíš počkat.	5014391	Tu dois attendre.
5019570	Všechny ženy jsou krásné.	5014389	Toutes les femmes sont belles.
5019572	Tom pracuje s námi.	5014332	Tom travaille avec nous.
5019573	Velikost národa a jeho morální pokrok mohou být posuzovány podle způsobu, jakým zachází se zvířaty.	5014195	La grandeur d’une nation et ses progrès moraux peuvent être jugés par la manière dont ses animaux sont traités.
5019582	Zlatým pravidlem chování je vzájemná tolerance, protože nikdy nebudeme myslet stejně, nikdy neuvidíme více než část pravdy a i tu z různých úhlů.	5014141	La règle d'or de la conduite est la tolérance mutuelle, car nous ne penserons jamais tous de la même façon, nous ne verrons qu'une partie de la vérité et sous des angles différents.
1816134	To bolí.	5013857	Ça fait mal.
5019585	Tom nemůže být daleko.	5013847	Tom ne doit pas être bien loin.
5019587	Včely zmizely.	5013844	Les abeilles disparaissent.
5019588	Tom byl zabit v Bostonu.	5013831	Tom a été tué à Boston.
5019590	Tom se pokusil Mary zachránit.	5013828	Tom a essayé de sauver Mary.
5019591	Je to velký projekt.	5013823	C'est un gros projet.
5019592	Je to velký problém.	5013819	C'est un gros problème.
5019593	Je to dobrý systém.	5013821	C'est un bon système.
5019611	Spojené Státy plánují použít medializované teroristické organizace, jako je al-Qajda a Daech, k destabilizaci Ruska a Číny.	5013426	Les États-Unis comptent utiliser des organisations terroristes sur-médiatisées comme al-Qaïda et Daech pour déstabiliser la Russie et la Chine.
4469486	Miluji lásku.	3440278	J'adore l'amour.
5284099	Tam kde se pálí knihy, posléze se upalují lidé.	397612	Là où l'on brûle les livres, on finit aussi par brûler des hommes.
5059325	Kdo je tvůj oblíbený básník?	1805413	Quel est ton poète préféré ?
5345220	Tom dostal k Vánocům křečka.	5361177	Tom a reçu un hamster pour Noël.
5345199	Moje sestra dostala víc vánočních dárků než já.	5361184	Ma sœur a eu plus de cadeaux de Noël que moi.
5345167	Ann mi dala tento dárek.	5361188	Ann m'a donné ce cadeau.
5345137	Můj otec pracuje v továrně.	478738	Mon père travaille à l'usine.
5345097	Žralok velrybí je největší žralok na světě.	5361199	Le requin baleine est le plus grand requin du monde.
5345080	Viděl jsem vlka, lišku a králíka.	5361205	J'ai vu un loup, un renard et un lapin.
5345054	Nemám žádné zkušenosti.	5361208	Je n'ai aucune expérience.
5345027	Chci nůž.	5361210	Je veux un couteau.
5344943	Mám mýdlo v očích.	5362342	J'ai du savon dans les yeux.
5302334	Tráva je zelená.	5364773	L'herbe est verte.
5302311	Slunce je žluté.	5364774	Le soleil est jaune.
5295862	Proč je sníh bílý?	748635	Pourquoi la neige est-elle blanche ?
5250558	To je poslední vlak.	810254	C'est le dernier train.
5250529	Prosinec je poslední měsíc roku.	5364788	Décembre est le dernier mois de l'année.
4418060	Včera celý den sněžilo.	5368623	Hier, il a neigé toute la journée.
5383506	Kočka spala na stole.	5270839	Le chat a dormi sur la table.
5124476	To je kluk.	4472231	C'est un garçon.
5124457	Je zima.	3635	Il fait froid.
5382563	Řekni mi jméno devátého měsíce.	129197	Dis-moi le nom du neuvième mois.
5377736	Ona je mladší než jeho dcera.	3660986	Elle est plus jeune que sa fille.
5376863	Vidím slzy ve tvých očích.	839821	Je vois des larmes dans tes yeux.
5345102	Zaživa ho stáhli z kůže.	5391914	Ils l'ont écorché vif.
5345081	Jaký je rozdíl mezi vlkem a psem?	5391920	Quel est la différence entre le loup et le chien ?
4940638	Oslepl.	532490	Il est devenu aveugle.
4927560	Ona mě zná.	626278	Elle me connaît.
5391937	Je to jedna z našich specialit.	5391183	C'est l'une de nos spécialités.
5391942	Navštívil jsem Boston třikrát.	5391274	J'ai visité Boston trois fois.
5391943	Navštívila jsem Boston třikrát.	5391274	J'ai visité Boston trois fois.
5378090	Slunce svítí ve dne, měsíc v noci.	5391947	Le soleil brille le jour et la lune la nuit.
5378075	Nebojte se dělat chyby, když mluvíte anglicky.	5391949	N'ayez pas peur de faire des fautes lorsque vous parlez anglais.
5359599	Tvoje přátelství je pro mě hodně důležité.	5391951	Ton amitié est très importante pour moi.
5345150	Tom pracuje v továrně na těstoviny.	5391953	Tom travaille dans une usine de pâtes.
5345147	Rozhodli se tu továrnu zavřít.	5391955	Ils ont décidé de fermer cette usine.
5345135	Ta továrna vyrábí hračky.	5391956	Cette usine fabrique des jouets.
5392991	Mi slojdis.	2201800	Je bricolais.
5400977	Já jsem tady.	4579521	Je suis ici.
5009266	Uvidíme se zítra.	5402145	On se verra demain.
5009262	Ta kniha byla nová.	5402148	Ce livre était neuf.
5009255	Včera bylo teplo.	8288	Il faisait chaud hier.
4998711	To nejsou moje nápady.	5402155	Ce ne sont pas mes idées.
4409999	Chcete ještě?	5404520	En voulez-vous encore ?
458523	Jeho dům je na prodej.	130211	Sa maison est en vente.
5422202	Automobil je modrý.	1575066	L'auto est bleue.
5422202	Automobil je modrý.	1394722	La voiture est bleue.
5422201	Auto je modré.	1575066	L'auto est bleue.
5422201	Auto je modré.	1394722	La voiture est bleue.
4257319	Pacient neměl horečku.	1196734	Le patient n'avait pas de fièvre.
5438761	Kde ho mohu najít?	5451854	Où puis-je le trouver ?
5422270	Ten stůl je těžký.	652164	Cette table est lourde.
5422252	Stůl je zelený.	2772635	La table est verte.
5345190	Tom koupil své dceři dárek.	5451867	Tom a acheté un cadeau pour sa fille.
5432338	Upřednostňuji angličtinu.	595036	Je préfère l'anglais.
5432335	Dávám přednost angličtině.	595036	Je préfère l'anglais.
5426315	Neopouštěj mě!	1725200	Ne me quitte pas !
5345229	Zvony začali zvonit.	5454549	Les cloches se sont mises à sonner.
5345222	Připadám si jako křeček v kolečku.	5454563	J'ai l'impression d'être comme un hamster dans sa roue.
5345198	Můj bratr dostal víc vánočních dárků než já.	5454574	Mon frère a reçu plus de cadeaux de Noël que moi.
5345108	Miluj svého bližního.	14171	Aime ton prochain.
5345039	Dej mi ten nůž.	5454601	Donne-moi ce couteau.
5344962	Teplota klesla.	5454603	La température a baissé.
5438703	Ještě jsem nesnídal.	5466609	Je n'ai pas encore pris le petit-déjeuner.
5422215	Automobil je žlutý.	5466610	La voiture est jaune.
5422213	Auto je žluté.	5466610	La voiture est jaune.
3964030	Máme hodně co dělat.	936206	Nous avons beaucoup à faire.
3963959	Tom tam není.	5466616	Tom n'est pas là-bas.
5345226	Bell žil v Londýně, že?	5488063	Bell a vécu à Londres, n'est-ce pas ?
5345223	Jsem si téměř jistý, že mi kočka snědla křečka.	5488067	Je suis presque sûr que le chat m'a mangé le hamster.
5009246	Kočka je na stole.	5488070	Le chat est sur la table.
5009219	Tom a Mary chtějí koupit dům s alespon třemi ložnicemi.	5488074	Tom et Mary veulent acheter une maison avec au moins trois chambres.
5009197	Atomy se skládají z protonů, elektronů a neutronů.	5488080	Les atomes se composent de protons, d'électrons et de neutrons.
3225912	Málem jsem zapomněla udělat si domácí úkoly.	5488090	J'ai failli oublier de faire mes devoirs.
3225803	Rychlý příjezd policisty nás překvapil.	5488096	L'arrivée rapide du policier nous a surpris.
3225744	Bolí mě záda z toho, že sedím hodně hodin u počítače.	5488105	J'ai mal au dos du fait que je sois assis de longues heures devant l'ordinateur.
3225724	Děti seděly okolo táboráku a poslouchaly Toma, který vyprávěl duchařské povídky.	5488111	Les enfants étaient assis autour du feu de camp et écoutaient Tom qui racontait des histoires de fantômes.
5422225	Porazilo ho auto.	5493384	La voiture l'a renversé.
5415836	To je splněný sen.	5493390	C'est un rêve devenu réalité.
5412973	Podívej, veverka.	5493402	Regarde, un écureuil.
5412958	Venuše je nejbližší planeta od Země.	5493407	Vénus est la planète la plus proche de la Terre.
5412953	Venuše je druhá planeta od Slunce.	5493414	Vénus est la deuxième planète à partir du Soleil.
5217721	Moje sestra nerozezná husu od kachny.	5493441	Ma sœur ne sait pas différencier une oie d'un canard.
5217687	Nikdy bych nejedl kočku.	5493449	Je ne mangerai jamais du chat.
5201836	Jak se jmenoval ten film, co jsme viděli včera?	5493467	Comment s'appelait le film que nous avons vu hier ?
4278644	Nemluvím maďarsky.	4532092	Je ne parle pas le hongrois.
5507970	Potřebuji je teď najít.	5588567	Il faut que je les trouve maintenant.
5507972	Mary zemřela na rakovinu prsu.	5588571	Mary est morte du cancer du sein.
5507975	Vypadá, že zná to tajemství.	5588590	Il semble qu'il connaisse ce secret.
5507975	Vypadá, že zná to tajemství.	5588592	Il semble qu'elle connaisse ce secret.
5507963	Tom čekal.	2387192	Tom attendait.
5507967	Tom to bere vážně.	5588593	Tom le prend au sérieux.
5507944	Konečně jsem našel ten obrázek, který jsem hledal.	5588594	Finalement j'ai trouvé l'image que je cherchais.
5768091	A ty, co děláš?	4909562	Et toi, que fais-tu ?
5821568	Uspějeme.	4777437	Nous réussirons.
3965178	Neumí ani plavat!	1509808	Il ne sait même pas nager !
5874657	Dala mi jeho telefonní číslo.	2217816	Elle m'a donné son numéro de téléphone.
6141248	Data z katastru byly importovány do databáze OpenStreetMap.	2442523	Les données du cadastre ont été importées dans la base de données d’OpenStreetMap.
6141272	Vítejte na Divokém západě.	1074484	Bienvenue dans l'Ouest sauvage.
6141331	Nešel bych s tebou za nic na světě.	15118	Pour rien au monde je n'irais avec toi.
6141358	Maďarsko a Slovensko jsou sousedé.	6140555	La Hongrie et la Slovaquie sont voisines.
6143424	To bylo jen před rokem.	12345	C'était seulement il y a un an.
6143431	Pořád si dělá legraci z ostatních.	1000000	Il se moque toujours des autres.
6147546	Všechny jsou cizí.	2842180	Toutes sont étrangères.
6212568	Vidět Neapol a zemřít.	12996	Voir Naples et mourir.
6212572	Jste v Neapoli?	3970148	Êtes-vous à Naples ?
6212580	Jsi v Neapoli?	3970150	Es-tu à Naples ?
3472345	Jím, protože mám hlad.	1148119	Je mange parce que j'ai faim.
2144263	Přidej trochu mléka.	786414	Ajoute un peu de lait.
4185524	Budeš tam?	6386541	Seras-tu là ?
3077928	Tom má dvě kočky. Jedna je bílá a druhá je černá.	2482084	Tom a deux chats. L'un est blanc et l'autre est noir.
6477535	Pořád si stěžuješ.	474134	Tu te plains toujours.
3005992	Děti a opilci nelžou.	1612765	Les enfants et les saoulons ne mentent pas.
6716958	Žijeme v krásném městě.	6716015	Nous vivons dans une belle ville.
6766600	Můj malý bratr chodí na základní školu.	129457	Mon petit frère va dans une école primaire.
4437125	Tebe miluji.	3250	Je t'aime !
6794288	Takhle pracovat nemohu.	4575661	Je ne peux pas travailler comme ça.
6812764	Tom nemá hlad.	6812757	Tom n'a pas faim.
2243912	Kde je tvůj pokoj?	372133	Où est ta chambre ?
6895711	Je Tom naživu?	5293649	Est-ce que Tom est vivant ?
3512880	Potřebuje deštník.	453842	Il a besoin d'un parapluie.
6899879	Policie našla mrtvé tělo v opuštěném autě blízko parku.	1100045	La police a trouvé un cadavre dans une voiture abandonnée près du parc.
6824269	Jsem Ricardo.	3346093	Je suis Ricardo.
3344402	Já jsem Tom.	3344396	Je suis Tom.
4448792	Mám pod postelí příšeru, jsem si tím jistý.	7364816	Il y a un monstre sous mon lit, j'en suis certain.
7686690	O co by ses pokusil, kdybys věděl, že nemůžeš selhat?	1539418	Que tenterais-tu si tu savais que tu ne pouvais pas échouer ?
7688168	Neudělej hloupost!	2208302	Ne fais rien d'irréfléchi !
7706052	Náš učitel francouzštiny nám dává test každé pondělí.	5493360	Notre professeur de français nous donne un contrôle chaque lundi.
7706100	Měl jsem malou nehodu na cestě do práce.	1692486	J'ai eu un accident mineur en allant au travail.
7706143	Jsi přepracovaný.	4653727	Vous êtes surmené.
7706144	Jsi přepracovaná.	4653727	Vous êtes surmené.
7706171	Musím mluvit anglicky?	1285157	Dois-je parler anglais ?
7723509	Beduíni žijí v poušti.	7722379	Les Bédouins vivent dans le désert.
7801346	Žije v malé vesnici poblíž Ósaky.	458846	Il réside dans un petit village aux environs d'Osaka.
7801347	Je poslední člověk, s kým chci mluvit.	132178	C'est bien la dernière personne à qui j'ai envie de parler.
4410354	Nemám rád kočky.	2316007	Je n'aime pas les chats.
3116156	Nikdy se nebav s cizími lidmi.	6463317	Ne parle jamais aux étrangers.
8170138	Mary ztrácela naději.	2565461	Marie perdait espoir.
5070658	Vlastnictví je krádež.	2028220	La propriété, c'est le vol.
4426265	To je můj telefon.	8356848	C’est mon téléphone.
8397108	Jsem schopná všeho.	8010649	Je suis capable de tout.
3963317	Nepracuji.	333484	Je ne travaille pas.
4420646	Dělej, pomoz mi.	5964209	Allez, aide-moi.
5077154	Rád cestuji vlakem.	410257	J'aime voyager en train.
5875195	Ráda cestuji vlakem.	410257	J'aime voyager en train.
1665180	Chci tento telefon.	330692	Je veux ce téléphone.
7950266	To je moje rodina.	4479383	C'est ma famille.
8523803	To není Tomovo auto.	5708641	Ce n'est pas la voiture de Tom.
8537815	Vaše bezpečnost je mojí prioritou.	487790	Mon premier souci est votre sécurité.
8537819	Nepomohlo to.	6155037	Cela n'a pas aidé.
8537824	Zůstala tam sama.	1183978	Elle restait là toute seule.
4419811	Čím víc vysvětlujete, tím miň rozumím.	1204715	Plus vous l'expliquez, moins je le comprends.
2603283	Dobrou noc!	427110	Bonne nuit !
1807005	Mám rád tvou kočku.	4267983	J'aime ton chat.
3236751	Pokaždé, když vidím krev, tak se mi udělá špatně.	3236147	Chaque fois que je vois du sang, je me sens mal.
8690668	Je čas jít spát.	1590113	Il est temps d'aller dormir.
8690668	Je čas jít spát.	1363723	Il est temps d'aller se coucher.
8690668	Je čas jít spát.	13635	C'est l'heure d'aller au lit.
8727124	Nový koronavirus je velmi nakažlivý.	8722483	Le nouveau coronavirus est très contagieux.
8735439	Mluvíš slovensky?	8735393	Parles-tu slovaque ?
8737851	Hovoříte slovinsky?	8735098	Parlez-vous slovène ?
8737851	Hovoříte slovinsky?	8735099	Parlez-vous le slovène ?
8761342	Donald Trump je patologický lhář.	8761329	Donald Trump est un menteur pathologique.
8744694	Ženy mě nenávidí.	2354760	Les femmes me détestent.
8987154	Tom není anarchista.	8987740	Tom n'est pas un anarchiste.
6819836	Každý to dělá.	1453838	Tout le monde le fait.
7953650	Každý má jméno.	8993823	Tout le monde a un nom.
1759218	Každý to může udělat.	129234	Tout le monde peut le faire.
4135094	Už umí číst.	8993825	Elle sait déjà lire.
2405074	Mluvíš příliš mnoho.	847805	Tu parles trop.
3507635	Udělala to podle sebe.	8993830	Elle l'a fait à sa manière.
7909939	Znám jí podle jména.	8993831	Je la connais de nom.
9000456	Tom není překladatel.	9001687	Tom n'est pas traducteur.
9147359	Klára je zpěvačka.	9147694	Clara est chanteuse.
9147359	Klára je zpěvačka.	9147691	Claire est chanteuse.
9147359	Klára je zpěvačka.	9147704	Clara, c'est une chanteuse.
9178297	Můj otec měl ve zvyku mi číst pohádky na dobrou noc.	1409466	Mon père avait l'habitude de me lire des histoires pour dormir.
9178301	Můj otec měl ve zvyku mi číst před spaním.	1409466	Mon père avait l'habitude de me lire des histoires pour dormir.
5625243	Dům je malý.	5252970	La maison est petite.
9451943	Podporuji porušování autorských práv.	9452111	Je soutiens la violation du droit d'auteur.
9455537	Sami a Layla se rozhodli navštívit manželského poradce.	6326261	Sami et Layla ont décidé de voir un conseiller conjugal.
9455538	Počkejte! Co tam děláte?	5996310	Attendez ! Que faites-vous là ?
9455543	Bylo mi řečeno, že svobodní zednáři mají tajné potřesení rukou.	801056	On me dit que les francs-maçons ont une poignée de main secrète.
9455548	Narodil jsem se, abych tě miloval.	10448	Je suis né pour t'aimer.
9455583	Ať se děje co chce, neotevírej tyto dveře!	2219253	Quoi que tu fasses, n'ouvre pas cette porte !
9455585	Líbí se mi tvůj obraz.	2383617	J'aime ton tableau.
9455713	Lidé by se neměli diskriminovat na základě pohlaví.	685699	On ne devrait discriminer personne en fonction de son sexe.
9455720	Vydrž!	1158303	Endure !
9455721	Vydržte!	1158305	Endurez !
9455723	Zrekapitulujme si to!	4512381	Récapitulons !
9455728	Bohužel!	4627799	Malheureusement !
9455732	Portugalsko je demokratická země.	7091963	Le Portugal est un pays démocratique.
9455747	Vrátil mi celou sumu.	4492244	Il m'a remboursé la totalité de la somme.
9455753	Toto jsou květiny z naší zahrady.	8362688	Ce sont des fleurs de notre jardin.
9455757	Jeanne se dívala na tu růži.	5297496	Jeanne regardait la rose.
9455774	Je to člověk, kterému můžeš vždy věřit.	1593218	C'est un homme à qui tu peux toujours faire confiance.
9455779	Je to muž, kterému můžeš vždy věřit.	1593218	C'est un homme à qui tu peux toujours faire confiance.
9455781	Co jste dělal letos v létě?	1283358	Qu'avez-vous fait cet été ?
9455784	Co jste dělala letos v létě?	1283358	Qu'avez-vous fait cet été ?
9455791	Jestli ten telefon ještě zazvoní, mám v úmyslu ho ignorovat.	1411870	Si le téléphone sonne encore, mon intention est de l'ignorer.
9455801	Nechtěl jsem, abyste se kvůli mně cítil nepříjemně.	8218109	Je ne voulais pas vous mettre mal à l'aise.
9455813	Jsem tak ožralý, že už si necítím obličej.	3545303	Je suis tellement bourré que je ne peux plus sentir mon visage.
9455815	Se svým příjmem si nemůže dovolit drahé večeře.	5557409	Avec son revenu, il ne peut pas se permettre de coûteux dîners.
9455822	Všichni na mě zírali.	6365645	Tout le monde me fixait.
9455833	Časovaná bomba vybuchla s hlasitým rámusem.	1500266	La bombe à retardement explosa dans un grand vacarme.
9455836	Je mi čtyřicet dva let.	7851150	J'ai quarante-deux ans.
9455848	Selhal jste, už zase.	8620466	Vous avez échoué, une fois de plus.
9455852	Jean se podíval na hrušku.	5530696	Jean regarda une poire.
9455867	Tom je výborný obhájce a jeho služby jsou velmi vyhledávané.	3446520	Tom est un excellent avocat de la défense et ses services sont très demandés.
9455869	Jste naivní.	4654493	Vous êtes naïf.
9455871	Potřebuju dobít baterky.	6401173	J'ai besoin de me ressourcer.
9455877	Pokácím strom.	2089894	J'abattrai un arbre.
9455882	Lekce začala v osm hodin.	3011353	La leçon commença à huit heures.
9455886	Byl jsem v docela špatném stavu.	2586252	J'étais dans un assez sale état.
9455887	Tom přestal chodit do školy.	4919232	Tom a cessé de fréquenter l'école.
9455888	Hraje si s mojí kočkou.	2049603	Il joue avec ma chatte.
9455901	‎Byli jsme tolik šokováni jeho náhlou smrtí.‎	4675195	Nous avons été tellement choqués par sa mort subite.
9455904	Jean a Marie jsou autory mnohých knih.	5235239	Jean et Marie sont auteurs de nombreux livres.
9455909	Byl jsem schopen na tu otázku odpovědět správně.	8496296	J'ai pu répondre à la question correctement.
9455910	Nechci, abys to někomu řekl.	2415730	Je ne veux pas que tu le dises à qui que ce soit.
9455911	Kdy zavoláš?	7955659	Quand est-ce que tu vas appeler ?
9455912	Vidíš zahradu?	1914221	Est-ce que tu vois un jardin ?
9455932	Tom si povídá sám se sebou.	5184016	Tom soliloque.
9455938	Proč nepoužíváte kladivo?	7327061	Pourquoi est-ce que vous n'utilisez pas un marteau ?
6900383	Proč nepoužíváš kladivo?	7327062	Pourquoi est-ce que tu n'utilises pas un marteau ?
9456083	Od svého založení roku 1948 byl Stát Izrael terčem mnohých útoků a vyhlášení války ze strany sousedních arabských zemí.	8108973	Depuis sa création en 1948, l'État d'Israël a subi de nombreuses attaques et déclarations de guerres venant des pays arabes voisins.
9456085	Nechci čekat do zítřka.	7771172	Je ne veux pas attendre jusqu'à demain.
9456088	Musím napsat nějaké dopisy.	5244690	Je dois écrire des lettres.
9459849	Kde je Řím?	4470805	Où est Rome ?
8345641	Ta láhev obsahovala víno.	5262102	La bouteille contenait du vin.
9482057	‎Šetřila peníze na horší časy.‎	1090694	Elle économisa de l'argent pour un jour de pluie.
9482060	Má poměr.	1892161	Elle a une liaison.
9482062	Ona má poměr.	1892161	Elle a une liaison.
9482064	Tom nemůže najít svoje klíče.	9414857	Tom ne trouve pas ses clés.
9482090	Antoine Lavoisier zemřel osmého května tisíc sedm set devadesát čtyři.	9159747	Antoine Lavoisier est décédé le huit mai mille sept cent quatre-vingt-quatorze.
9482093	Utratíš všechny tyto peníze?	8779324	Tu vas dépenser tout cet argent ?
9482097	Ty utratíš všechny tyhle peníze?	8779324	Tu vas dépenser tout cet argent ?
9482102	Dostal jsem dobrou nabídku práce.	479650	J'ai reçu une bonne offre d'emploi.
9482104	Musím vás opustit.	4019742	Il faut que je vous quitte.
9482107	Je nutné, abych vás opustil.	4019742	Il faut que je vous quitte.
9483987	Oheň nemá slitování.	1675465	Le feu est sans pitié.
9483989	Oheň je nemilosrdný.	1675465	Le feu est sans pitié.
9483993	Můžete mi pomoct tohle přeložit?	8590264	Pouvez-vous m'aider à traduire ceci ?
9483996	Soudce byl proti vládě.	6959981	Le juge était contre le gouvernement.
9483998	Tenis jsem nehrál už roky.	8396025	Je n'ai pas joué au tennis depuis des années.
9484002	Je důležité, abyste říkali pravdu.	5799852	Il est important que vous disiez la vérité.
9484004	Sami a Layla si povídali venku.	6383124	Sami et Layla ont parlé dehors.
9484007	‎Sami a Layla mluvili venku.‎	6383124	Sami et Layla ont parlé dehors.
9484013	Mary šňupe lajny koksu, aby zapomněla, že ji mezitím Tom, její manžel, podvádí.	1076291	Mary sniffe des rails de coke pour oublier que pendant ce temps, Tom, son mari, la trompe.
9484019	Nad mořem se vznáší racek, nedotknutelný jako sen.	3435240	Au-dessus de la mer plane une mouette, intangible comme un songe.
9484021	Vedle mého domu je skvělý park.	367225	À côté de chez moi, il y a un super parc.
9484022	Jsem materialista.	9155366	Je suis matérialiste.
9484023	Jaký velký kamion!	1927890	Quel gros camion !
9484025	To je ale velkej náklaďák!	1927890	Quel gros camion !
9484028	‎Můj bratr tráví většinu času před televizí.‎	613872	Mon frère passe le plus clair de son temps devant la télévision.
9484030	Sníte svoje banány.	5248943	Vous mangerez vos bananes.
9484031	Budete jíst svoje banány.	5248943	Vous mangerez vos bananes.
9484035	Hluk z ulice mě nenechal spát.	3501622	Le bruit de la rue m'a empêchée de dormir.
9484041	Když se Tom podíval z okna, padající hvězda přelétala oblohu.	2961855	Lorsque Tom regarda par la fenêtre, une étoile filante traversait le ciel.
9484043	Mnoho škol je dnes zavřeno kvůli počasí.	6367944	Beaucoup d'écoles sont fermées aujourd'hui à cause de la tempête.
9484045	Mnohé školy jsou dnes zavřeny kvůli počasí.	6367944	Beaucoup d'écoles sont fermées aujourd'hui à cause de la tempête.
9484046	Jednání jsou pozastavena.	8628334	Les négociations sont suspendues.
9484049	Není překvapivé, že Tom špatně spí, pije až dvanáct šálků kávy denně.	3471078	Ce n'est pas surprenant que Tom dorme mal, il boit jusqu'à douze tasses de café par jour.
9484050	Haiti je nejchudší zemí v Karibiku.	5638380	Haïti est le pays le plus pauvre des Caraïbes.
9484053	Vadí ti, když kouřím?	1147066	Cela te dérange-t-il si je fume ?
9484055	Proč mají Japonci takové předsudky vůči lesbám a bisexuálům?	460562	Pourquoi les Japonais ont-ils de tels préjugés contre les lesbiennes et les bisexuels ?
9484056	‎Kousl se do jazyka.‎	9190866	Il s'est mordu la langue.
9484059	Byl jsem příliš ohromen na to, abych mluvil.	2216369	J'ai été trop abasourdi pour parler.
9484060	Řekněte mi, co o tom víte.	8382528	Dites-moi ce que vous en savez.
9544892	Tom nemá televizi.	9577271	Tom n’a pas de téléviseur.
9535572	Nemůžu vám říct, kam Tom šel.	9596016	Je ne peux pas vous dire où Tom est allé.
9347516	Proč jsi nesnídal?	9678760	Pourquoi n’as-tu pas pris le petit déjeuner ?
9696349	Kolik řečí znáš, tolikrát jsi člověkem.	9696356	Pour chaque langue que l’on parle, on vit une nouvelle vie. Celui qui ne connaît qu’une seule langue ne vit qu’une seule fois.
9846289	Mluvím kurdsky.	9846455	Je parle le kurde.
9846289	Mluvím kurdsky.	8300912	Je parle kurde.
9929106	Jsme o dost mladší, než Tom.	2284646	Nous sommes beaucoup plus jeunes que Tom.
9936700	Raději byste s tím měli Tomovi pomoct.	9951017	Tu ferais mieux d’aider Tom avec ça.
9957479	Pojedu výtahem.	9971351	Je vais prendre l’ascenseur.
9966606	Tom poslal Mary pohlednici.	9971367	Tom a envoyé une carte postale à Marie.
8136148	Chtěl bych ti představit svého syna.	8100542	Je voudrais te présenter mon fils.
10011800	Učím se slovinsky.	8387886	J'apprends le slovène.
10027771	"Jsi Rus?" "Ano."	10027775	« Es-tu Russe ? » « Oui. »
8341634	Nikdo mi o tom neřekl.	10041312	Personne ne m’en a parlé.
10059939	Rada je mi k ničemu. Chci prachy.	552006	Un conseil ne me sert à rien. Je veux du pognon.
10124733	Nikdo nechápal, co Tom chce.	10124746	Personne n'a compris ce que Tom voulait.
10139601	Umírá žízní.	8676768	Il meurt de soif.
10139630	Umírá hlady.	8676769	Il meurt de faim.
10155007	Kde je želva?	10150239	Où est la tortue ?
10182289	Můj otec nemá rád hudbu.	14887	Mon père n'aime pas la musique.
10182289	Můj otec nemá rád hudbu.	3637007	Mon père n'apprécie pas la musique.
10188436	Kůrku nejím.	10188428	Je ne mange pas la croûte.
10204670	Už jsem zaplatil nájem.	8659996	J'ai déjà payé mon loyer.
10460463	Krokodýl není aligátor.	10457277	Un crocodile n’est pas un alligator.
10533607	Venku je všechno bílé.	10537368	Tout est blanc dehors.
10621771	Kolik stojí kilo buráků?	8135590	À combien est le kilo de cacahuètes ?
10627711	Čekal jsi deset minut.	2893962	Tu as attendu dix minutes.
10629407	Pondělí je špatný den.	10628269	Lundi est un mauvais jour.
10639906	Tu noc jsem spal dobře.	14260	J'ai bien dormi cette nuit.
10772299	Sjednocený lid nebude nikdy poražen.	10772239	Le peuple uni ne sera jamais vaincu.
