1279	Je ne supporte pas ce type.	601820	Toho člověka nesnáším.
3252	Je suis curieux.	1065080	Jsem zvědavý.
3456	Le monde est une cage à fous.	1058203	Svět je blázinec.
3472	Merci, c'est tout.	1626990	Děkuji, to je vše.
3622	De nos jours nous désirons que nos enfants prennent leurs propres décisions, mais nous voulons que ces décisions nous conviennent.	1131666	V dnešní době toužíme, aby naše děti dělaly svá vlastní rozhodnutí, ovšem chceme se s těmito rozhodnutími ztotožňovat.
3651	La vie est belle.	3469358	Život je krásný.
3734	Aaah ! ! Mon ordinateur est cassé !	1059249	Ach! Rozbil se mi počítač.
6290	Je connais la vérité.	1047981	Znám pravdu.
6311	Je suis un garçon.	1048016	Jsem kluk.
6317	Je n'ai pas faim du tout.	1048022	Vůbec nemám hlad.
6710	J'apprends deux langues étrangères.	1131644	Učím se dva cizí jazyky.
9816	N'aie pas peur de faire des erreurs quand tu parles anglais.	458918	Nebojte se mluvit anglicky s chybami.
10665	Peu importe l'âge, un enfant est un enfant.	1336555	Nezáleži na věku, dítě je dítě.
10669	Peu importe que nous soyons proches ou non, je ne peux pas lui demander de faire cela.	1336570	Nezáleží na tom jak jsme si blízci, nemůžu mu to dát udělat.
10671	Quoi qu'il arrive, je sortirai quand il ne pleuvra plus.	1336580	Každopádně, půjdu když přestane pršet.
11126	Ken et Meg sont tous deux mes amis.	1138563	Ken i Meg jsou oba moji přátelé.
14885	Mon père se promène tous les jours.	3308926	Můj otec chodí každý den na procházku.
119807	C'est un livre concernant les étoiles.	2409425	To je kniha o hvězdách.
128411	Junko est une belle fille.	1134099	Junko je krásná dívka.
139588	La boîte est en bois.	551329	Krabice je ze dřeva.
181704	Le pique-nique a été annulé à cause de la pluie.	1133152	Piknik byl zrušen kvůli dešti.
331914	Nous avons encore beaucoup de temps.	354556	Máme ještě mnoho času.
335756	Quel est le poids de votre valise ?	1131894	Kolik váží váš kufr?
338179	Tous les êtres humains naissent libres et égaux en dignité et en droits. Ils sont doués de raison et de conscience et doivent agir les uns envers les autres dans un esprit de fraternité.	338181	Všichni lidé rodí se svobodní a sobě rovní co do důstojnosti a práv. Jsou nadáni rozumem a svědomím a mají spolu jednat v duchu bratrství.
354540	Tous mes gâteaux sont délicieux !	354549	Všechny moje dorty jsou chutné!
381949	Je voudrais une camomille.	3238834	Chtěla bych heřmánkový čaj.
381949	Je voudrais une camomille.	3238835	Chtěl bych heřmánkový čaj.
389048	Pékin est la capitale de la Chine.	3547288	Peking je hlavní město Číny.
409228	Ce que tu dis est vrai.	1717781	To, co říkáš, je pravda.
414518	Les yeux sont le miroir de l'âme.	1320375	Oči jsou zrcadlem duše.
442098	Je suis allé boire une bière avec mes amis.	3515504	Šel jsem na pivo s přáteli.
459605	Ce café est trop fort pour moi.	3308936	Tato káva je na mě příliš silná.
464115	Où se trouve ton père ?	1138536	Kde je tvůj otec?
474123	Vous pouvez tout aussi bien le dire.	601817	I tak je to možné říci.
475770	Un plus deux égale trois.	1096785	Jeden plus dvě se rovná tři.
483089	C'est la plus belle vue que j'ai jamais contemplée.	1137410	To je nejkrásnější podíváná, kterou jsem kdy viděl.
486506	Pourquoi ne pas dîner avec nous ?	1634481	Proč s námi neobědváš?
521564	J’aime serrer Veronika dans mes bras.	521569	Rád objimám Veroniku.
521594	J’aime quand elle m’envoie des cartes postales.	521604	Líbí se mi, když mi odesilá pohlednice.
521935	Comment on appelle ce légume en anglais ?	534316	Jak se téhle zelenině říká anglicky?
524931	Un plus deux est égal à trois.	1096785	Jeden plus dvě se rovná tři.
542215	Salut, comment vas-tu ?	338166	Ahoj, jak se máš?
547948	Plus on est de fous, plus on rit.	2381687	Čím víc, tím líp.
551919	Il a dit au revoir à son ami à la gare.	565704	Rozloučil jsem se s přítelem na nádraží.
551928	J’ai un coup de pompe.	565694	Jsem úplně vyčerpaný.
551947	Nous avons tout de suite sympathisé.	565712	Hned jsme se spřátelili.
553644	N'oublie pas d'acheter du lait.	3308921	Nezapomeň koupit mléko.
553694	Il a exigé que je lui rende l’argent rapidement.	565722	Požádal, abych mu peníze okamžitě vratil.
568652	Nous ne comprenons rien à ce que vous dites.	1131629	Nerozumíme ničemu z toho, co říkáte.
646750	Enfonce ton doigt dans ta gorge !	646749	Strč prst skrz krk!
678315	Elle était sur les lieux du crime.	1610975	Byla na místě činu.
683408	Voulez-vous coucher avec moi  ?	1059770	Chcete se se mnou vyspat?
705362	Tatoeba, c’est une drogue.	460486	Tatoeba je droga.
748309	Vous pouvez lire ce livre.	1138628	Můžete si tuhle knihu přečíst.
786401	Au commencement, Dieu créa les cieux et la terre.	1048536	Na počátku stvořil Bůh nebe a zemi.
816187	Ils discutèrent du plan durant des heures.	3308920	Probírali plán mnoho hodin.
895015	L'eau gèle à zéro degré Celsius.	601809	Voda mrzne při 0 stupních.
935545	Ma sœur travaille actuellement comme vendeuse au supermarché.	3308957	Má sestra nyní pracuje jako prodavačka v supermarketu.
1011747	On lui rasa la tête.	1814747	Oholili mu hlavu.
1041603	C'est une bonne question.	1002484	To je dobrá otázka.
1048576	Au commencement, Dieu créa le ciel et la terre.	1048536	Na počátku stvořil Bůh nebe a zemi.
1076306	Nous ne nous comprenons mutuellement pas.	1131640	Nerozumíme si navzájem.
1076716	« Tom ! » « Mary ! »	1657730	„Tome!“ „Mary!“
1114634	Je ne pleure pas.	1114423	Nepláču.
1115718	C'est le printemps.	2147807	Je jaro.
1121991	Le parti politique dépassait dans les premiers sondages la barre des cinq pour cent.	3308954	Politická strana překročila hranici pěti procent v prvních volebních průzkumech.
1126797	On parle anglais à Singapour.	1132487	V Singapuru se hovoří anglicky.
1130419	Il courbe sous le poids du sac.	1131890	Prohýbá se pod tíhou tašky.
1131698	Tu ne m'aimes pas.	1131708	Nemáš mě rád.
1131706	Ils ne relèvent pas de cette catégorie.	1131710	Nespadají do této kategorie.
1131713	J'espère vous voir dimanche prochain.	1131723	Doufám, že vás uvidím příští neděli.
1131720	Une langue peut être utilisée de diverses manières.	1131733	Jazyk může být používán rozličnými způsoby.
1131875	Tout condamné à mort aura la tête tranchée.	1132440	Každému odsouzenci na smrt bude sťata hlava.
1131897	Que les personnes qui ne comprennent pas ce que je dis lèvent la main.	1131899	Lidé, kteří nerozumí tomu, co říkám, ať zvednou ruku.
1132162	J'ai eu des difficultés à me procurer un billet pour le concert.	1132492	Měl jsem potíže se sháněním vstupenky na koncert.
1132274	Vous devez vous occuper de votre chien vous-même.	1133165	Musíte se postarat o vašeho psa sami.
1132446	Je ne mangerai pas de crème glacée.	1132489	Nebudu jíst zmrzlinu.
1133227	Je veux le faire par moi-même.	1133230	Chci to udělat sám.
1133232	Quelles terminaisons prend le verbe au présent ?	1133240	Jakých koncovek nabývá to sloveso v přítomném čase?
1133277	Les minorités ethniques luttent contre les préjugés, la pauvreté et l'oppression.	1133283	Národnostní menšiny bojují proti předsudkům, chudobě a útlaku.
1133281	Tous les gens sont bons au fond de leur cœur.	1133286	Všichni lidé jsou dobří v hloubi svých srdcí.
1133282	Je ne veux pas être dans sa peau.	1133284	Nechci být v jeho kůži.
1133285	Quoi ? Ne peux-tu toujours pas encore conduire ?	1133291	Cože? Ještě pořád nemůžeš řídit?
1133288	Elle ne me dit pas un mot.	1133293	Neříká mi ani slovo.
1133290	Le moteur s'arrête si tu appuies sur le bouton.	1133297	Kdyby jsi zmáčkl to tlačítko, motor by se zastavil.
1133295	Elle se teint toujours les cheveux.	1133298	Stále si barví vlasy.
1133296	Il a encore des doutes.	1133301	Má ještě pochyby.
1133340	Elle ne croit pas en Dieu.	1133346	Nevěří v boha.
1134236	Les trois grandes religions monothéistes sont le christianisme, l'islam et le judaïsme.	1134244	Tři široce rozšířená monoteistická náboženství jsou křesťanství, islám a judaismus.
1137933	Le siège est près de la porte.	1137995	Křeslo je přede dveřmi.
1137939	Est-ce que je peux faire quelque chose pour vous ?	1137986	Mohu pro vás něco udělat?
1137949	Hier j'ai construit un amplificateur.	1137950	Včera jsem sestavil zesilovač.
1137964	Depuis ce matin j'ai lu trois livres.	1137999	Od dnešního rána jsem přečetl tři knihy.
1137971	Il est suffisamment riche pour acheter deux voitures.	1137976	Je dost bohatý na to, aby koupil dvě auta.
1138259	Que devons-nous faire pour retourner à notre époque ?	1138271	Co bychom měli udělat k návratu do naší doby?
1138272	Dépêche-toi, s'il te plait !	1138275	Pospěšte prosím!
1138274	Nous ne savions pas quelle voiture acheter.	1138279	Nevěděli jsme, které auto koupit.
1138277	Le jeune homme est médecin.	1138284	Ten mladý muž je lékař.
1138283	Oui, je suis marié.	1138286	Ano, jsem ženatý.
1138392	Tom a fait beaucoup d'erreurs.	1138681	Tom udělal mnoho chyb.
1142668	Je vous souhaite un bon succès.	1142676	Přeji vám mnoho úspěchů.
1185627	N'ouvrez jamais la porte d'un véhicule en marche.	1138555	Nikdy neotevírejte dveře vozu, který je v pohybu.
1188695	Sur la table se trouve un vase.	1845603	Na stole je váza.
1318125	C'est encore loin ?	873611	Je to ještě daleko?
1318127	Hier, c'était jeudi.	696480	Včera byl čtvrtek.
1318133	Ça ne va pas durer aussi longtemps.	1047889	Nebude to tak dlouho trvat.
1318143	Sylvia aimait les concerts.	1105808	Sylvia milovala koncerty.
1318150	S'il vous plaît, dites clairement oui ou non.	696471	Prosím, řekněte jasně ano, nebo ne.
1318167	Il y a une banque devant la gare.	463650	Před nádražím je banka.
1319379	J'apprends le tchèque.	873661	Učím se česky.
1337188	C'est mal de dire un mensonge.	2381547	Neni dobré lhát.
1438084	Je vous téléphonerai toutes les nuits.	3308950	Budu vám každou noc volat.
1438084	Je vous téléphonerai toutes les nuits.	3308951	Každou noc vám zavolám.
1443397	J'ai lu que le président du Brésil est une femme. Elle s'appelle Dilma.	1443442	Četl jsem, že prezidentem Brazílie je žena. Jmenuje se Dilma.
1591308	C'est un livre qui traite des étoiles.	2409425	To je kniha o hvězdách.
1670138	Ce n'est pas bon signe.	3701828	To není dobré znamení.
1803326	Nous voulons tous vraiment que tu sois heureuse.	1802045	Všichni chceme, abys byla šťastná.
1820488	L'esclave essaya de s'enfuir.	2775505	Otrokyně zkusila utéct.
1820489	L'esclave a essayé de s'enfuir.	2775505	Otrokyně zkusila utéct.
1826762	“L’économie éloigne les deux rives de l’Atlantique”, La Stampa résume ainsi les conséquences des récentes déclarations de Barack Obama, selon lesquelles les maigres perspectives de croissance des États-Unis sont dues à la mauvaise gestion de la crise de la zone euro.	1826765	„Ekonomika od sebe vzdaluje oba břehy Atlantiku“ — tak shrnuje deník La Stampa důsledky nedávných prohlášení Baracka Obamy, podle kterého jsou špatné vyhlídky na hospodářský růst ve Spojených státech zaviněny špatným řízením krize v eurozóně.
1838501	L'avenir a plusieurs noms.	1838497	Budoucnost má hodně jmen.
1890403	Êtes-vous jamais montée à cheval ?	3308925	Už jste někdy jela na koni?
1949242	Je ne parviens pas à juguler l'hémorragie.	2144037	Nemohu to krvácení zastavit.
1970574	Je ne reste jamais où que ce soit assez longtemps pour me faire des amies.	3308949	Nikde nezůstávám dostatečně dlouho na to, abych si udělal kamarádky.
2005494	Tu as été prévenue.	3308946	Byl jsi varován.
2125680	Contrairement à lui, son fils est grand.	2269391	Na rozdíl od něj, je jeho syn velký.
2144628	Est-ce que Tom a aidé sa mère hier ?	3308933	Jestlipak včera Tom pomohl své matce?
2144628	Est-ce que Tom a aidé sa mère hier ?	3308935	Pomohl Tom včera své matce?
2155590	Il neige à Paris.	2155657	Sněží v Paříži.
2194331	Ils se sont approchés.	3308928	Přirostli si k srdci.
2307714	Qu'avons-nous à perdre ?	3308923	Co můžeme ztratit?
2309360	Bien chers frères et sœurs !	2309399	Drazí bratři a sestry!
2348330	Nous pouvons voyager dans le temps. Et nous le faisons à la vitesse incroyable d’une seconde par seconde.	1138549	Můžeme cestovat v čase. A děláme to pozoruhodnou rychlostí vteřinu za vteřinou.
2381520	Où se trouvent mes bureaux ?	2091063	Kde je má kancelář?
2381522	Il me tarde les congés.	1618774	Moc se těším na dovolenou.
2381523	Regarder de jolies images lui procure beaucoup de plaisir.	2090561	Dívat se na krásné obrázky ji dělá velkou radost.
2381537	Le professeur enseigne le tchèque.	873657	Profesor učí český jazyk.
2381557	J'ai oublié de fermer à clé la réserve.	1742956	Zapomněl jsem zamknout sklad.
2381647	Est-ce vrai selon vous ?	1497990	Podle vás je to pravda?
2381659	Où est-ce que vous avez si bien appris le tchèque ?	871504	Kde jste se naučil tak dobře česky?
2381669	Excusez-moi, je suis étranger et je ne parle pas beaucoup tchèque.	871512	Promiňte, jsem cizinec a neumím moc česky.
2381676	Je suis étranger et je ne parle pas beaucoup tchèque. Parlez lentement s'il vous plait.	871535	Já jsem cizinec a neumím moc česky. Mluvte prosím pomalu.
2381678	Le bébé a ouvert la bouche.	1324615	Miminko otevřelo pusu.
2383390	J'ai perdu ma lampe-torche.	3308927	Ztratil jsem svojí baterku.
2535703	Est-ce un étalon ou une jument ?	2594226	Je to hřebec, nebo klisna?
2661280	Ils vivent.	2659228	Žijí.
2661282	Ils sont vivants.	2659231	Jsou na živu.
2661283	Elles sont vivantes.	2659231	Jsou na živu.
2707397	Je suis gay.	1059992	Jsem gay.
2740364	Tom a un grand talent pour la répartition des tâches.	3308922	Tom je velmi dobrý v přidělování úkolů.
2765187	Elle me semble cruelle.	2268328	Mě se zdá být krutá.
2765189	Elle me paraît cruelle.	2268328	Mě se zdá být krutá.
3574508	J'ai un fils.	3574517	Mám jednoho syna.
3693014	Combien de temps êtes-vous restés à Boston ?	3691017	Jak dlouho jste byli v Bostonu?
3693016	Il existe encore des gens qui ne savent pas lire.	3691014	Stále existují lidé, kteří neumějí číst.
3693045	Il y a du nouveau ?	3691000	Je něco nového?
3693047	C'est un bon dictionnaire.	3690993	To je dobrý slovník.
3695519	Le prix de la liberté est une constante vigilance.	3695286	Cena za svobodu je neustálá ostražitost.
3695546	Il est peu probable qu'il ait fait ses devoirs lui-même.	3695284	Je sporné, zda své domácí úkoly vypracoval sám.
3706912	Le livre est nouveau.	3305821	Ta kniha je nová.
134873	Mon père est maintenant à l'hôpital.	3068367	Můj otec je teď v nemocnici.
763496	Je ne sais pas quand elle reviendra.	3753111	Nevím, v kolik bude zpátky.
2758440	Tallinn est la capitale de l'Estonie.	3547309	Tallinn je hlavní město Estonska.
6393	Je suis désolé pour ce malentendu.	3864459	Lituji své chyby.
6705	Je suis prêt.	3864465	Jsem hotov.
6722	Je suis allergique au pollen.	3864467	Jsem alergický na pyl.
6725	Je suis libre.	3864468	Jsem svobodný.
2319978	Pourquoi buvez-vous autant ?	3891428	Proč tak chlastáš?
2254166	Il évita ses yeux.	3928440	Odvrátil oči.
1910658	C'est elle qui l'a suggéré.	3962100	To je ta, co to nabídla.
3658575	Il y a plein d'eau.	3962139	Tady je hodně vody.
3207971	Vous devriez déjà pouvoir comprendre.	3963324	Už máte být schopen to pochopit.
2129368	Vous aimerez ce jeu.	3963468	Tato hra se vám bude líbit.
2388278	Je n'ai jamais pensé que tu avais vraiment fait ça.	3963535	Nikdy jsem nemyslel, že jsi to opravdu udělal.
2100698	Tu n'accepteras pas les cadeaux.	3964114	Ty nepřijímáš dárky.
3982510	Je vois sa maison.	3315640	Vidím jeho dům.
549142	Le chat dort sur la table.	2659024	Kočka spí na stole.
666073	Elle a apporté des pommes, des oranges, et ainsi de suite.	4084891	Přinesla jablka, pomeranče a tak podobně.
397571	Et maintenant ?	4084895	A co teď?
4084928	Et encore une chose.	4084926	A ještě něco.
4084939	Alors je suis parti.	4084940	A tak jsem odešel.
4084952	Il n'arrêtait pas d'écrire.	4084950	Psal a psal.
4084967	Il n'est pas venu malgré sa promesse.	4084963	Slíbil mi to, a stejně nepřišel.
4084973	Il regarderait sans le voir.	4084971	Díval se, a neviděl ho.
4084984	Il aime la montagne.	4084982	Má rád hory.
2070841	Nous avions faim.	4086837	Máme hlad.
1337620	Thomas n'a pas répondu à la question de Marie.	1796577	Tom neodpověděl na Maryinu otázku.
1337617	Thomas ne répondit pas à la question de Marie.	1796577	Tom neodpověděl na Maryinu otázku.
518333	J'aime la voir se déshabiller.	1639131	Rád sleduji, když se svléká.
2342859	Ma mère a coupé le gâteau.	4159536	Moje matka rozkrájela koláč.
1337284	Ça a l'air très tentant.	4159539	To zní velmi lákavě.
1337241	Elle promit de l'épouser.	4159541	Slíbila, že se za něj provdá.
1337237	Elle le traite souvent de tous les noms.	4159544	Ona mu často nadává.
1337189	Ça va se rafraîchir ce soir.	4159549	Dnes v noci se ochladí.
2159722	Je pensais que vous étiez un ami.	4235959	Myslel jsem, že jsi přítel.
354787	Elle a dix enfants.	4244794	Má deset dětí.
3446573	Combien de temps dois-je attendre pour le prochain bus ?	3064693	Jak dlouho musím čekat na příští autobus?
1903121	C'est ton problème, pas le mien.	1881386	To je tvůj problém, ne můj.
1543789	L'immeuble a sept étages.	4270763	Budova je vysoká sedm pater.
2169111	Tom a besoin de nouvelles chaussures.	4270809	Tom potřebuje nové boty.
437497	Un pour tous, tous pour un.	3238796	Jeden za všechny, všichni za jednoho.
1883862	Barack Obama est chrétien.	4286143	Barack Obama je křesťan.
470434	C'est mon école.	1700653	To je moje škole.
7895	Je n'ai pas le temps de lire des livres.	3511384	Nemám čas číst knihy.
3057386	Le prix est élevé.	4407013	Cena je vysoká.
1330312	Demain est mon anniversaire.	4412575	Zítra mám narozeniny.
2592176	Les anniversaires sont importants.	2605100	Narozeniny jsou důležité.
985620	Aujourd'hui c'est mon anniversaire.	3971596	Dneska mám narozeniny.
2840638	Aujourd'hui, c'est mon anniversaire.	3971596	Dneska mám narozeniny.
831538	Demain, c'est mon anniversaire.	4412575	Zítra mám narozeniny.
3222439	L'évolution n'est pas une opinion, c'est un fait.	4180133	Evoluce není názor, je to fakt.
1288203	C'est illégal !	4424398	To je nezákonné!
2076735	Vous perdrez du temps.	4434149	Ztratíte čas.
2076712	Tu perdras du temps.	4434146	Ztratíš čas.
6458	Faux.	4434727	Špatně.
815091	Un de mes amis te connaît.	1680696	Jeden z mých přátel tě zná.
2103839	« Pourquoi ? » - « Pourquoi pas ? »	4445000	„Proč?“ — „Proč ne?“
4468576	Je sais jongler avec quatre balles.	4427171	Umím žonglovat se čtyřmi míčky.
4468577	Tu dors avec des lunettes ?	4427162	Ty spíš s brýlemi?
4468580	Ces femmes me plaisaient.	3524418	Ty ženy se mi líbily.
4468581	C'est ton pénis ?	3518409	To je tvůj penis?
4468582	Quel pénis est à toi ?	3518410	Který penis je tvůj?
4442884	J'ai un éléphant.	4469531	Mám slona.
1018898	Jacob joue au polo.	4470582	Jakub hraje pólo.
478797	Il nous a demandé de l'aider.	1501558	Požádal nás o pomoc.
1737714	Quel bordel !	4477472	To je ale bordel!
1194879	Le chat a deux oreilles.	4480584	Kočka má dvě uši.
1242262	Un chat a deux oreilles.	4480584	Kočka má dvě uši.
2565719	Je sais tout ce que je dois savoir.	3498222	Vím vše, co potřebuji vědět.
355079	Je ne parle pas bien l'anglais, bien que je l'aie étudié six ans à l'école.	4556406	Nemluvím anglicky dobře, ačkoliv jsem se angličtinu učil šest let ve škole.
379728	J'aime le chocolat.	3577243	Mám ráda čokoládu.
180403	J'y penserai.	1702039	Promyslím si to.
4115376	Je pense avoir vu un elfe dans la forêt.	4615783	Myslím, že jsem v lese zahlédl elfa.
1589097	Ça va être douloureux.	2466021	To bude bolestivé.
592243	Si tu as besoin d'un dictionnaire, je te prêterai mon vieux.	3512848	Jestli potřebuješ slovník, půjčím ti můj starý.
4642895	Ça coûte très cher.	4642881	Je to velmi drahé.
12852	Donne-moi cinq jetons, s'il te plaît.	4643122	Dej mi prosím pět žetonů.
7928	J'ai un ami qui est pilote.	1756508	Mám přítele, který je pilotem.
2109624	La capitale de la Hongrie est Budapest.	3547323	Hlavní město Maďarska je Budapešť.
2109624	La capitale de la Hongrie est Budapest.	4286182	Hlavním městem Maďarska je Budapešť.
1692713	Marie vient d'une bonne famille.	4703405	Marie je z dobré rodiny.
2031212	Je pense qu'il est trop jeune.	4703457	Myslím, že je příliš mladá.
2031212	Je pense qu'il est trop jeune.	4703459	Myslím, že je příliš mladý.
1598949	Le pain est brun.	4706208	Chléb je hnědý.
2725909	J'ai quelques suggestions.	4706840	Mám pár návrhů.
1368736	Elle n'est jamais sortie avec lui.	4719413	Nikdy s ním neměla schůzku.
1368736	Elle n'est jamais sortie avec lui.	4719414	Nikdy s ním nešla na rande.
3232	T'es vraiment pas bête.	4745010	Ty fakt nejseš hloupej.
2341928	Tout le monde rit, à part lui.	4761683	Všichni, kromě něj, se zasmáli.
4780366	Qui a peur du loup ne va pas au bois.	4780354	Kdo se bojí, nesmí do lesa.
180250	L'entrée de la bibliothèque est libre.	3867587	Vstup do knihovny je zdarma.
2114306	L'Italie n'est pas la Grèce.	4995670	Itálie není Řecko.
5019521	Ce soir, elle n'avait rien à manger, et ses enfants n'avaient plus la force de crier, ils se taisaient quand je suis arrivé.	5019531	Ten večer neměla nic k jídlu a její děti už neměly sílu plakat. Zmlkly, když jsem přišel.
5019519	Il y a trois jours, elle a vendu ses cheveux, les plus beaux que j'aie jamais vus.	5019535	Před třemi dny prodala své vlasy, nejkrásnější jaké jsem kdy viděl.
5019514	Ce garçon est joueur, et je ne sais ce qu'il aime le mieux des femmes ou du vin.	5019539	Tenhle chlapec je hráč a nevím, zda má raději ženy či víno.
5018886	Voilà ce qui s’appelle un jeune homme bien élevé.	5019542	Hle, tomu se říká dobře vychovaný mladík.
5017568	Tom est aveugle.	5019543	Tom je slepý.
5017564	Ils aiment les pommes.	3577297	Mají rádi jablka.
5017552	Personne ne comprend.	5019547	Nikdo nerozumí.
2922999	Ils buvaient.	5019548	Pili.
5015725	Tu parles de lui beaucoup trop.	5019549	Příliš o něm mluvíš.
5015721	Je suis originaire de Saitama.	5019551	Pocházím ze Saitamy.
5015708	Tom économise de l'argent pour un voyage en Australie.	5019553	Tom šetří na cestu do Austrálie.
5015609	Elle avait alors dix-neuf ans.	5019556	Bylo jí tedy devatenáct.
5015598	Ils sont conscients de leurs erreurs.	5019557	Jsou si vědomi svých chyb.
5014506	Vous n'avez pas très bonne mine. Vous êtes malade ?	5019559	Nevypadáte dobře. Jste nemocný?
5014456	Ne rien jeter par la fenêtre.	5019562	Neházet nic z okna.
5014411	La santé commence par un bon sommeil.	5019567	Zdraví začíná dobrým spánkem.
5014391	Tu dois attendre.	5019568	Musíš počkat.
5014389	Toutes les femmes sont belles.	5019570	Všechny ženy jsou krásné.
5014332	Tom travaille avec nous.	5019572	Tom pracuje s námi.
5014195	La grandeur d’une nation et ses progrès moraux peuvent être jugés par la manière dont ses animaux sont traités.	5019573	Velikost národa a jeho morální pokrok mohou být posuzovány podle způsobu, jakým zachází se zvířaty.
5014141	La règle d'or de la conduite est la tolérance mutuelle, car nous ne penserons jamais tous de la même façon, nous ne verrons qu'une partie de la vérité et sous des angles différents.	5019582	Zlatým pravidlem chování je vzájemná tolerance, protože nikdy nebudeme myslet stejně, nikdy neuvidíme více než část pravdy a i tu z různých úhlů.
5013857	Ça fait mal.	1816134	To bolí.
5013847	Tom ne doit pas être bien loin.	5019585	Tom nemůže být daleko.
5013844	Les abeilles disparaissent.	5019587	Včely zmizely.
5013831	Tom a été tué à Boston.	5019588	Tom byl zabit v Bostonu.
5013828	Tom a essayé de sauver Mary.	5019590	Tom se pokusil Mary zachránit.
5013823	C'est un gros projet.	5019591	Je to velký projekt.
5013819	C'est un gros problème.	5019592	Je to velký problém.
5013821	C'est un bon système.	5019593	Je to dobrý systém.
5013426	Les États-Unis comptent utiliser des organisations terroristes sur-médiatisées comme al-Qaïda et Daech pour déstabiliser la Russie et la Chine.	5019611	Spojené Státy plánují použít medializované teroristické organizace, jako je al-Qajda a Daech, k destabilizaci Ruska a Číny.
3440278	J'adore l'amour.	4469486	Miluji lásku.
397612	Là où l'on brûle les livres, on finit aussi par brûler des hommes.	5284099	Tam kde se pálí knihy, posléze se upalují lidé.
1805413	Quel est ton poète préféré ?	5059325	Kdo je tvůj oblíbený básník?
5361177	Tom a reçu un hamster pour Noël.	5345220	Tom dostal k Vánocům křečka.
5361184	Ma sœur a eu plus de cadeaux de Noël que moi.	5345199	Moje sestra dostala víc vánočních dárků než já.
5361188	Ann m'a donné ce cadeau.	5345167	Ann mi dala tento dárek.
478738	Mon père travaille à l'usine.	5345137	Můj otec pracuje v továrně.
5361199	Le requin baleine est le plus grand requin du monde.	5345097	Žralok velrybí je největší žralok na světě.
5361205	J'ai vu un loup, un renard et un lapin.	5345080	Viděl jsem vlka, lišku a králíka.
5361208	Je n'ai aucune expérience.	5345054	Nemám žádné zkušenosti.
5361210	Je veux un couteau.	5345027	Chci nůž.
5362342	J'ai du savon dans les yeux.	5344943	Mám mýdlo v očích.
5364773	L'herbe est verte.	5302334	Tráva je zelená.
5364774	Le soleil est jaune.	5302311	Slunce je žluté.
748635	Pourquoi la neige est-elle blanche ?	5295862	Proč je sníh bílý?
810254	C'est le dernier train.	5250558	To je poslední vlak.
5364788	Décembre est le dernier mois de l'année.	5250529	Prosinec je poslední měsíc roku.
5368623	Hier, il a neigé toute la journée.	4418060	Včera celý den sněžilo.
5270839	Le chat a dormi sur la table.	5383506	Kočka spala na stole.
4472231	C'est un garçon.	5124476	To je kluk.
3635	Il fait froid.	5124457	Je zima.
129197	Dis-moi le nom du neuvième mois.	5382563	Řekni mi jméno devátého měsíce.
3660986	Elle est plus jeune que sa fille.	5377736	Ona je mladší než jeho dcera.
839821	Je vois des larmes dans tes yeux.	5376863	Vidím slzy ve tvých očích.
5391914	Ils l'ont écorché vif.	5345102	Zaživa ho stáhli z kůže.
5391920	Quel est la différence entre le loup et le chien ?	5345081	Jaký je rozdíl mezi vlkem a psem?
532490	Il est devenu aveugle.	4940638	Oslepl.
626278	Elle me connaît.	4927560	Ona mě zná.
5391183	C'est l'une de nos spécialités.	5391937	Je to jedna z našich specialit.
5391274	J'ai visité Boston trois fois.	5391942	Navštívil jsem Boston třikrát.
5391274	J'ai visité Boston trois fois.	5391943	Navštívila jsem Boston třikrát.
5391947	Le soleil brille le jour et la lune la nuit.	5378090	Slunce svítí ve dne, měsíc v noci.
5391949	N'ayez pas peur de faire des fautes lorsque vous parlez anglais.	5378075	Nebojte se dělat chyby, když mluvíte anglicky.
5391951	Ton amitié est très importante pour moi.	5359599	Tvoje přátelství je pro mě hodně důležité.
5391953	Tom travaille dans une usine de pâtes.	5345150	Tom pracuje v továrně na těstoviny.
5391955	Ils ont décidé de fermer cette usine.	5345147	Rozhodli se tu továrnu zavřít.
5391956	Cette usine fabrique des jouets.	5345135	Ta továrna vyrábí hračky.
2201800	Je bricolais.	5392991	Mi slojdis.
4579521	Je suis ici.	5400977	Já jsem tady.
5402145	On se verra demain.	5009266	Uvidíme se zítra.
5402148	Ce livre était neuf.	5009262	Ta kniha byla nová.
8288	Il faisait chaud hier.	5009255	Včera bylo teplo.
5402155	Ce ne sont pas mes idées.	4998711	To nejsou moje nápady.
5404520	En voulez-vous encore ?	4409999	Chcete ještě?
130211	Sa maison est en vente.	458523	Jeho dům je na prodej.
1575066	L'auto est bleue.	5422202	Automobil je modrý.
1394722	La voiture est bleue.	5422202	Automobil je modrý.
1575066	L'auto est bleue.	5422201	Auto je modré.
1394722	La voiture est bleue.	5422201	Auto je modré.
1196734	Le patient n'avait pas de fièvre.	4257319	Pacient neměl horečku.
5451854	Où puis-je le trouver ?	5438761	Kde ho mohu najít?
652164	Cette table est lourde.	5422270	Ten stůl je těžký.
2772635	La table est verte.	5422252	Stůl je zelený.
5451867	Tom a acheté un cadeau pour sa fille.	5345190	Tom koupil své dceři dárek.
595036	Je préfère l'anglais.	5432338	Upřednostňuji angličtinu.
595036	Je préfère l'anglais.	5432335	Dávám přednost angličtině.
1725200	Ne me quitte pas !	5426315	Neopouštěj mě!
5454549	Les cloches se sont mises à sonner.	5345229	Zvony začali zvonit.
5454563	J'ai l'impression d'être comme un hamster dans sa roue.	5345222	Připadám si jako křeček v kolečku.
5454574	Mon frère a reçu plus de cadeaux de Noël que moi.	5345198	Můj bratr dostal víc vánočních dárků než já.
14171	Aime ton prochain.	5345108	Miluj svého bližního.
5454601	Donne-moi ce couteau.	5345039	Dej mi ten nůž.
5454603	La température a baissé.	5344962	Teplota klesla.
5466609	Je n'ai pas encore pris le petit-déjeuner.	5438703	Ještě jsem nesnídal.
5466610	La voiture est jaune.	5422215	Automobil je žlutý.
5466610	La voiture est jaune.	5422213	Auto je žluté.
936206	Nous avons beaucoup à faire.	3964030	Máme hodně co dělat.
5466616	Tom n'est pas là-bas.	3963959	Tom tam není.
5488063	Bell a vécu à Londres, n'est-ce pas ?	5345226	Bell žil v Londýně, že?
5488067	Je suis presque sûr que le chat m'a mangé le hamster.	5345223	Jsem si téměř jistý, že mi kočka snědla křečka.
5488070	Le chat est sur la table.	5009246	Kočka je na stole.
5488074	Tom et Mary veulent acheter une maison avec au moins trois chambres.	5009219	Tom a Mary chtějí koupit dům s alespon třemi ložnicemi.
5488080	Les atomes se composent de protons, d'électrons et de neutrons.	5009197	Atomy se skládají z protonů, elektronů a neutronů.
5488090	J'ai failli oublier de faire mes devoirs.	3225912	Málem jsem zapomněla udělat si domácí úkoly.
5488096	L'arrivée rapide du policier nous a surpris.	3225803	Rychlý příjezd policisty nás překvapil.
5488105	J'ai mal au dos du fait que je sois assis de longues heures devant l'ordinateur.	3225744	Bolí mě záda z toho, že sedím hodně hodin u počítače.
5488111	Les enfants étaient assis autour du feu de camp et écoutaient Tom qui racontait des histoires de fantômes.	3225724	Děti seděly okolo táboráku a poslouchaly Toma, který vyprávěl duchařské povídky.
5493384	La voiture l'a renversé.	5422225	Porazilo ho auto.
5493390	C'est un rêve devenu réalité.	5415836	To je splněný sen.
5493402	Regarde, un écureuil.	5412973	Podívej, veverka.
5493407	Vénus est la planète la plus proche de la Terre.	5412958	Venuše je nejbližší planeta od Země.
5493414	Vénus est la deuxième planète à partir du Soleil.	5412953	Venuše je druhá planeta od Slunce.
5493441	Ma sœur ne sait pas différencier une oie d'un canard.	5217721	Moje sestra nerozezná husu od kachny.
5493449	Je ne mangerai jamais du chat.	5217687	Nikdy bych nejedl kočku.
5493467	Comment s'appelait le film que nous avons vu hier ?	5201836	Jak se jmenoval ten film, co jsme viděli včera?
4532092	Je ne parle pas le hongrois.	4278644	Nemluvím maďarsky.
5588567	Il faut que je les trouve maintenant.	5507970	Potřebuji je teď najít.
5588571	Mary est morte du cancer du sein.	5507972	Mary zemřela na rakovinu prsu.
5588590	Il semble qu'il connaisse ce secret.	5507975	Vypadá, že zná to tajemství.
5588592	Il semble qu'elle connaisse ce secret.	5507975	Vypadá, že zná to tajemství.
2387192	Tom attendait.	5507963	Tom čekal.
5588593	Tom le prend au sérieux.	5507967	Tom to bere vážně.
5588594	Finalement j'ai trouvé l'image que je cherchais.	5507944	Konečně jsem našel ten obrázek, který jsem hledal.
4909562	Et toi, que fais-tu ?	5768091	A ty, co děláš?
4777437	Nous réussirons.	5821568	Uspějeme.
1509808	Il ne sait même pas nager !	3965178	Neumí ani plavat!
2217816	Elle m'a donné son numéro de téléphone.	5874657	Dala mi jeho telefonní číslo.
2442523	Les données du cadastre ont été importées dans la base de données d’OpenStreetMap.	6141248	Data z katastru byly importovány do databáze OpenStreetMap.
1074484	Bienvenue dans l'Ouest sauvage.	6141272	Vítejte na Divokém západě.
15118	Pour rien au monde je n'irais avec toi.	6141331	Nešel bych s tebou za nic na světě.
6140555	La Hongrie et la Slovaquie sont voisines.	6141358	Maďarsko a Slovensko jsou sousedé.
12345	C'était seulement il y a un an.	6143424	To bylo jen před rokem.
1000000	Il se moque toujours des autres.	6143431	Pořád si dělá legraci z ostatních.
2842180	Toutes sont étrangères.	6147546	Všechny jsou cizí.
12996	Voir Naples et mourir.	6212568	Vidět Neapol a zemřít.
3970148	Êtes-vous à Naples ?	6212572	Jste v Neapoli?
3970150	Es-tu à Naples ?	6212580	Jsi v Neapoli?
1148119	Je mange parce que j'ai faim.	3472345	Jím, protože mám hlad.
786414	Ajoute un peu de lait.	2144263	Přidej trochu mléka.
6386541	Seras-tu là ?	4185524	Budeš tam?
2482084	Tom a deux chats. L'un est blanc et l'autre est noir.	3077928	Tom má dvě kočky. Jedna je bílá a druhá je černá.
474134	Tu te plains toujours.	6477535	Pořád si stěžuješ.
1612765	Les enfants et les saoulons ne mentent pas.	3005992	Děti a opilci nelžou.
6716015	Nous vivons dans une belle ville.	6716958	Žijeme v krásném městě.
129457	Mon petit frère va dans une école primaire.	6766600	Můj malý bratr chodí na základní školu.
3250	Je t'aime !	4437125	Tebe miluji.
4575661	Je ne peux pas travailler comme ça.	6794288	Takhle pracovat nemohu.
6812757	Tom n'a pas faim.	6812764	Tom nemá hlad.
372133	Où est ta chambre ?	2243912	Kde je tvůj pokoj?
5293649	Est-ce que Tom est vivant ?	6895711	Je Tom naživu?
453842	Il a besoin d'un parapluie.	3512880	Potřebuje deštník.
1100045	La police a trouvé un cadavre dans une voiture abandonnée près du parc.	6899879	Policie našla mrtvé tělo v opuštěném autě blízko parku.
3346093	Je suis Ricardo.	6824269	Jsem Ricardo.
3344396	Je suis Tom.	3344402	Já jsem Tom.
7364816	Il y a un monstre sous mon lit, j'en suis certain.	4448792	Mám pod postelí příšeru, jsem si tím jistý.
1539418	Que tenterais-tu si tu savais que tu ne pouvais pas échouer ?	7686690	O co by ses pokusil, kdybys věděl, že nemůžeš selhat?
2208302	Ne fais rien d'irréfléchi !	7688168	Neudělej hloupost!
5493360	Notre professeur de français nous donne un contrôle chaque lundi.	7706052	Náš učitel francouzštiny nám dává test každé pondělí.
1692486	J'ai eu un accident mineur en allant au travail.	7706100	Měl jsem malou nehodu na cestě do práce.
4653727	Vous êtes surmené.	7706143	Jsi přepracovaný.
4653727	Vous êtes surmené.	7706144	Jsi přepracovaná.
1285157	Dois-je parler anglais ?	7706171	Musím mluvit anglicky?
7722379	Les Bédouins vivent dans le désert.	7723509	Beduíni žijí v poušti.
458846	Il réside dans un petit village aux environs d'Osaka.	7801346	Žije v malé vesnici poblíž Ósaky.
132178	C'est bien la dernière personne à qui j'ai envie de parler.	7801347	Je poslední člověk, s kým chci mluvit.
2316007	Je n'aime pas les chats.	4410354	Nemám rád kočky.
6463317	Ne parle jamais aux étrangers.	3116156	Nikdy se nebav s cizími lidmi.
2565461	Marie perdait espoir.	8170138	Mary ztrácela naději.
2028220	La propriété, c'est le vol.	5070658	Vlastnictví je krádež.
8356848	C’est mon téléphone.	4426265	To je můj telefon.
8010649	Je suis capable de tout.	8397108	Jsem schopná všeho.
333484	Je ne travaille pas.	3963317	Nepracuji.
5964209	Allez, aide-moi.	4420646	Dělej, pomoz mi.
410257	J'aime voyager en train.	5077154	Rád cestuji vlakem.
410257	J'aime voyager en train.	5875195	Ráda cestuji vlakem.
330692	Je veux ce téléphone.	1665180	Chci tento telefon.
4479383	C'est ma famille.	7950266	To je moje rodina.
5708641	Ce n'est pas la voiture de Tom.	8523803	To není Tomovo auto.
487790	Mon premier souci est votre sécurité.	8537815	Vaše bezpečnost je mojí prioritou.
6155037	Cela n'a pas aidé.	8537819	Nepomohlo to.
1183978	Elle restait là toute seule.	8537824	Zůstala tam sama.
1204715	Plus vous l'expliquez, moins je le comprends.	4419811	Čím víc vysvětlujete, tím miň rozumím.
427110	Bonne nuit !	2603283	Dobrou noc!
4267983	J'aime ton chat.	1807005	Mám rád tvou kočku.
3236147	Chaque fois que je vois du sang, je me sens mal.	3236751	Pokaždé, když vidím krev, tak se mi udělá špatně.
1590113	Il est temps d'aller dormir.	8690668	Je čas jít spát.
1363723	Il est temps d'aller se coucher.	8690668	Je čas jít spát.
13635	C'est l'heure d'aller au lit.	8690668	Je čas jít spát.
8722483	Le nouveau coronavirus est très contagieux.	8727124	Nový koronavirus je velmi nakažlivý.
8735393	Parles-tu slovaque ?	8735439	Mluvíš slovensky?
8735098	Parlez-vous slovène ?	8737851	Hovoříte slovinsky?
8735099	Parlez-vous le slovène ?	8737851	Hovoříte slovinsky?
8761329	Donald Trump est un menteur pathologique.	8761342	Donald Trump je patologický lhář.
2354760	Les femmes me détestent.	8744694	Ženy mě nenávidí.
8987740	Tom n'est pas un anarchiste.	8987154	Tom není anarchista.
1453838	Tout le monde le fait.	6819836	Každý to dělá.
8993823	Tout le monde a un nom.	7953650	Každý má jméno.
129234	Tout le monde peut le faire.	1759218	Každý to může udělat.
8993825	Elle sait déjà lire.	4135094	Už umí číst.
847805	Tu parles trop.	2405074	Mluvíš příliš mnoho.
8993830	Elle l'a fait à sa manière.	3507635	Udělala to podle sebe.
8993831	Je la connais de nom.	7909939	Znám jí podle jména.
9001687	Tom n'est pas traducteur.	9000456	Tom není překladatel.
9147694	Clara est chanteuse.	9147359	Klára je zpěvačka.
9147691	Claire est chanteuse.	9147359	Klára je zpěvačka.
9147704	Clara, c'est une chanteuse.	9147359	Klára je zpěvačka.
1409466	Mon père avait l'habitude de me lire des histoires pour dormir.	9178297	Můj otec měl ve zvyku mi číst pohádky na dobrou noc.
1409466	Mon père avait l'habitude de me lire des histoires pour dormir.	9178301	Můj otec měl ve zvyku mi číst před spaním.
5252970	La maison est petite.	5625243	Dům je malý.
9452111	Je soutiens la violation du droit d'auteur.	9451943	Podporuji porušování autorských práv.
6326261	Sami et Layla ont décidé de voir un conseiller conjugal.	9455537	Sami a Layla se rozhodli navštívit manželského poradce.
5996310	Attendez ! Que faites-vous là ?	9455538	Počkejte! Co tam děláte?
801056	On me dit que les francs-maçons ont une poignée de main secrète.	9455543	Bylo mi řečeno, že svobodní zednáři mají tajné potřesení rukou.
10448	Je suis né pour t'aimer.	9455548	Narodil jsem se, abych tě miloval.
2219253	Quoi que tu fasses, n'ouvre pas cette porte !	9455583	Ať se děje co chce, neotevírej tyto dveře!
2383617	J'aime ton tableau.	9455585	Líbí se mi tvůj obraz.
685699	On ne devrait discriminer personne en fonction de son sexe.	9455713	Lidé by se neměli diskriminovat na základě pohlaví.
1158303	Endure !	9455720	Vydrž!
1158305	Endurez !	9455721	Vydržte!
4512381	Récapitulons !	9455723	Zrekapitulujme si to!
4627799	Malheureusement !	9455728	Bohužel!
7091963	Le Portugal est un pays démocratique.	9455732	Portugalsko je demokratická země.
4492244	Il m'a remboursé la totalité de la somme.	9455747	Vrátil mi celou sumu.
8362688	Ce sont des fleurs de notre jardin.	9455753	Toto jsou květiny z naší zahrady.
5297496	Jeanne regardait la rose.	9455757	Jeanne se dívala na tu růži.
1593218	C'est un homme à qui tu peux toujours faire confiance.	9455774	Je to člověk, kterému můžeš vždy věřit.
1593218	C'est un homme à qui tu peux toujours faire confiance.	9455779	Je to muž, kterému můžeš vždy věřit.
1283358	Qu'avez-vous fait cet été ?	9455781	Co jste dělal letos v létě?
1283358	Qu'avez-vous fait cet été ?	9455784	Co jste dělala letos v létě?
1411870	Si le téléphone sonne encore, mon intention est de l'ignorer.	9455791	Jestli ten telefon ještě zazvoní, mám v úmyslu ho ignorovat.
8218109	Je ne voulais pas vous mettre mal à l'aise.	9455801	Nechtěl jsem, abyste se kvůli mně cítil nepříjemně.
3545303	Je suis tellement bourré que je ne peux plus sentir mon visage.	9455813	Jsem tak ožralý, že už si necítím obličej.
5557409	Avec son revenu, il ne peut pas se permettre de coûteux dîners.	9455815	Se svým příjmem si nemůže dovolit drahé večeře.
6365645	Tout le monde me fixait.	9455822	Všichni na mě zírali.
1500266	La bombe à retardement explosa dans un grand vacarme.	9455833	Časovaná bomba vybuchla s hlasitým rámusem.
7851150	J'ai quarante-deux ans.	9455836	Je mi čtyřicet dva let.
8620466	Vous avez échoué, une fois de plus.	9455848	Selhal jste, už zase.
5530696	Jean regarda une poire.	9455852	Jean se podíval na hrušku.
3446520	Tom est un excellent avocat de la défense et ses services sont très demandés.	9455867	Tom je výborný obhájce a jeho služby jsou velmi vyhledávané.
4654493	Vous êtes naïf.	9455869	Jste naivní.
6401173	J'ai besoin de me ressourcer.	9455871	Potřebuju dobít baterky.
2089894	J'abattrai un arbre.	9455877	Pokácím strom.
3011353	La leçon commença à huit heures.	9455882	Lekce začala v osm hodin.
2586252	J'étais dans un assez sale état.	9455886	Byl jsem v docela špatném stavu.
4919232	Tom a cessé de fréquenter l'école.	9455887	Tom přestal chodit do školy.
2049603	Il joue avec ma chatte.	9455888	Hraje si s mojí kočkou.
4675195	Nous avons été tellement choqués par sa mort subite.	9455901	‎Byli jsme tolik šokováni jeho náhlou smrtí.‎
5235239	Jean et Marie sont auteurs de nombreux livres.	9455904	Jean a Marie jsou autory mnohých knih.
8496296	J'ai pu répondre à la question correctement.	9455909	Byl jsem schopen na tu otázku odpovědět správně.
2415730	Je ne veux pas que tu le dises à qui que ce soit.	9455910	Nechci, abys to někomu řekl.
7955659	Quand est-ce que tu vas appeler ?	9455911	Kdy zavoláš?
1914221	Est-ce que tu vois un jardin ?	9455912	Vidíš zahradu?
5184016	Tom soliloque.	9455932	Tom si povídá sám se sebou.
7327061	Pourquoi est-ce que vous n'utilisez pas un marteau ?	9455938	Proč nepoužíváte kladivo?
7327062	Pourquoi est-ce que tu n'utilises pas un marteau ?	6900383	Proč nepoužíváš kladivo?
8108973	Depuis sa création en 1948, l'État d'Israël a subi de nombreuses attaques et déclarations de guerres venant des pays arabes voisins.	9456083	Od svého založení roku 1948 byl Stát Izrael terčem mnohých útoků a vyhlášení války ze strany sousedních arabských zemí.
7771172	Je ne veux pas attendre jusqu'à demain.	9456085	Nechci čekat do zítřka.
5244690	Je dois écrire des lettres.	9456088	Musím napsat nějaké dopisy.
4470805	Où est Rome ?	9459849	Kde je Řím?
5262102	La bouteille contenait du vin.	8345641	Ta láhev obsahovala víno.
1090694	Elle économisa de l'argent pour un jour de pluie.	9482057	‎Šetřila peníze na horší časy.‎
1892161	Elle a une liaison.	9482060	Má poměr.
1892161	Elle a une liaison.	9482062	Ona má poměr.
9414857	Tom ne trouve pas ses clés.	9482064	Tom nemůže najít svoje klíče.
9159747	Antoine Lavoisier est décédé le huit mai mille sept cent quatre-vingt-quatorze.	9482090	Antoine Lavoisier zemřel osmého května tisíc sedm set devadesát čtyři.
8779324	Tu vas dépenser tout cet argent ?	9482093	Utratíš všechny tyto peníze?
8779324	Tu vas dépenser tout cet argent ?	9482097	Ty utratíš všechny tyhle peníze?
479650	J'ai reçu une bonne offre d'emploi.	9482102	Dostal jsem dobrou nabídku práce.
4019742	Il faut que je vous quitte.	9482104	Musím vás opustit.
4019742	Il faut que je vous quitte.	9482107	Je nutné, abych vás opustil.
1675465	Le feu est sans pitié.	9483987	Oheň nemá slitování.
1675465	Le feu est sans pitié.	9483989	Oheň je nemilosrdný.
8590264	Pouvez-vous m'aider à traduire ceci ?	9483993	Můžete mi pomoct tohle přeložit?
6959981	Le juge était contre le gouvernement.	9483996	Soudce byl proti vládě.
8396025	Je n'ai pas joué au tennis depuis des années.	9483998	Tenis jsem nehrál už roky.
5799852	Il est important que vous disiez la vérité.	9484002	Je důležité, abyste říkali pravdu.
6383124	Sami et Layla ont parlé dehors.	9484004	Sami a Layla si povídali venku.
6383124	Sami et Layla ont parlé dehors.	9484007	‎Sami a Layla mluvili venku.‎
1076291	Mary sniffe des rails de coke pour oublier que pendant ce temps, Tom, son mari, la trompe.	9484013	Mary šňupe lajny koksu, aby zapomněla, že ji mezitím Tom, její manžel, podvádí.
3435240	Au-dessus de la mer plane une mouette, intangible comme un songe.	9484019	Nad mořem se vznáší racek, nedotknutelný jako sen.
367225	À côté de chez moi, il y a un super parc.	9484021	Vedle mého domu je skvělý park.
9155366	Je suis matérialiste.	9484022	Jsem materialista.
1927890	Quel gros camion !	9484023	Jaký velký kamion!
1927890	Quel gros camion !	9484025	To je ale velkej náklaďák!
613872	Mon frère passe le plus clair de son temps devant la télévision.	9484028	‎Můj bratr tráví většinu času před televizí.‎
5248943	Vous mangerez vos bananes.	9484030	Sníte svoje banány.
5248943	Vous mangerez vos bananes.	9484031	Budete jíst svoje banány.
3501622	Le bruit de la rue m'a empêchée de dormir.	9484035	Hluk z ulice mě nenechal spát.
2961855	Lorsque Tom regarda par la fenêtre, une étoile filante traversait le ciel.	9484041	Když se Tom podíval z okna, padající hvězda přelétala oblohu.
6367944	Beaucoup d'écoles sont fermées aujourd'hui à cause de la tempête.	9484043	Mnoho škol je dnes zavřeno kvůli počasí.
6367944	Beaucoup d'écoles sont fermées aujourd'hui à cause de la tempête.	9484045	Mnohé školy jsou dnes zavřeny kvůli počasí.
8628334	Les négociations sont suspendues.	9484046	Jednání jsou pozastavena.
3471078	Ce n'est pas surprenant que Tom dorme mal, il boit jusqu'à douze tasses de café par jour.	9484049	Není překvapivé, že Tom špatně spí, pije až dvanáct šálků kávy denně.
5638380	Haïti est le pays le plus pauvre des Caraïbes.	9484050	Haiti je nejchudší zemí v Karibiku.
1147066	Cela te dérange-t-il si je fume ?	9484053	Vadí ti, když kouřím?
460562	Pourquoi les Japonais ont-ils de tels préjugés contre les lesbiennes et les bisexuels ?	9484055	Proč mají Japonci takové předsudky vůči lesbám a bisexuálům?
9190866	Il s'est mordu la langue.	9484056	‎Kousl se do jazyka.‎
2216369	J'ai été trop abasourdi pour parler.	9484059	Byl jsem příliš ohromen na to, abych mluvil.
8382528	Dites-moi ce que vous en savez.	9484060	Řekněte mi, co o tom víte.
9577271	Tom n’a pas de téléviseur.	9544892	Tom nemá televizi.
9596016	Je ne peux pas vous dire où Tom est allé.	9535572	Nemůžu vám říct, kam Tom šel.
9678760	Pourquoi n’as-tu pas pris le petit déjeuner ?	9347516	Proč jsi nesnídal?
9696356	Pour chaque langue que l’on parle, on vit une nouvelle vie. Celui qui ne connaît qu’une seule langue ne vit qu’une seule fois.	9696349	Kolik řečí znáš, tolikrát jsi člověkem.
9846455	Je parle le kurde.	9846289	Mluvím kurdsky.
8300912	Je parle kurde.	9846289	Mluvím kurdsky.
2284646	Nous sommes beaucoup plus jeunes que Tom.	9929106	Jsme o dost mladší, než Tom.
9951017	Tu ferais mieux d’aider Tom avec ça.	9936700	Raději byste s tím měli Tomovi pomoct.
9971351	Je vais prendre l’ascenseur.	9957479	Pojedu výtahem.
9971367	Tom a envoyé une carte postale à Marie.	9966606	Tom poslal Mary pohlednici.
8100542	Je voudrais te présenter mon fils.	8136148	Chtěl bych ti představit svého syna.
8387886	J'apprends le slovène.	10011800	Učím se slovinsky.
10027775	« Es-tu Russe ? » « Oui. »	10027771	"Jsi Rus?" "Ano."
10041312	Personne ne m’en a parlé.	8341634	Nikdo mi o tom neřekl.
552006	Un conseil ne me sert à rien. Je veux du pognon.	10059939	Rada je mi k ničemu. Chci prachy.
10124746	Personne n'a compris ce que Tom voulait.	10124733	Nikdo nechápal, co Tom chce.
8676768	Il meurt de soif.	10139601	Umírá žízní.
8676769	Il meurt de faim.	10139630	Umírá hlady.
10150239	Où est la tortue ?	10155007	Kde je želva?
14887	Mon père n'aime pas la musique.	10182289	Můj otec nemá rád hudbu.
3637007	Mon père n'apprécie pas la musique.	10182289	Můj otec nemá rád hudbu.
10188428	Je ne mange pas la croûte.	10188436	Kůrku nejím.
8659996	J'ai déjà payé mon loyer.	10204670	Už jsem zaplatil nájem.
10457277	Un crocodile n’est pas un alligator.	10460463	Krokodýl není aligátor.
10537368	Tout est blanc dehors.	10533607	Venku je všechno bílé.
8135590	À combien est le kilo de cacahuètes ?	10621771	Kolik stojí kilo buráků?
2893962	Tu as attendu dix minutes.	10627711	Čekal jsi deset minut.
10628269	Lundi est un mauvais jour.	10629407	Pondělí je špatný den.
14260	J'ai bien dormi cette nuit.	10639906	Tu noc jsem spal dobře.
10772239	Le peuple uni ne sera jamais vaincu.	10772299	Sjednocený lid nebude nikdy poražen.
