4393	È un gioco di parole.	3373669	Je to slovní hříčka.
4404	Dubitare di sé stessi è il primo segno di intelligenza.	1133193	Pochybování o sobě samém je první známka inteligence.
4416	Il mondo è una gabbia di matti.	1058203	Svět je blázinec.
4424	Grazie, è tutto.	1626990	Děkuji, to je vše.
4426	Che ore sono?	1041629	Kolik je hodin?
4440	La vita è quello che ti succede mentre sei impegnato a fare altri progetti.	1700772	Život je to, co se ti stane, zatímco se zabýváš jinými plány.
4468	Roma non fu fatta in un giorno.	1138595	Řím nebyl postaven za den.
4497	La vita è bella!	3469358	Život je krásný.
4504	Ti ho sognato.	1662104	Zdálo se mi o tobě.
342177	In questi giorni piove sempre.	1691915	V těchto dnech pořád prší.
350319	Mio padre è un po' antiquato.	1657768	Můj otec je poněkud staromódní.
350341	Entrata nella camera da letto, iniziò a singhiozzare.	1691991	Vstupivši do ložnice, začala vzlykat.
350440	Mi guardò negli occhi.	1502507	Podíval se mi do očí.
350548	Se avessi saputo della tua malattia, ti sarei venuto a trovare in ospedale.	1497942	Kdybych byl býval věděl o tvém onemocnění, navštívil bych tě v nemocnici.
350582	Era in tempo per l'appuntamento.	1663801	Byl na schůzce včas.
350628	La malaria è una malattia portata dalle zanzare.	1497943	Malárie je nemoc přenášená komáry.
350929	Il capo ci ordinò di lavorare da mattina a sera.	1133197	Šéf si nás najal, abychom pracovali od rána do večera.
351067	Quanto è profondo questo lago?	1499189	Jak je toto jezero hluboké?
351122	Fu investita da un'auto mentre attraversava la strada.	1700782	Byla sražena autem, když přecházela silnici.
359450	Pesa di più il piombo o l'oro?	2207003	Je těžší olovo, nebo zlato?
359476	Vaffanculo!	1059544	Jdi do prdele!
373740	Ecco il mio portafoglio.	1499209	Tady je moje peněženka.
373942	Crede ai fantasmi.	1662079	Věřím na duchy.
374197	Ho sempre fame.	1662073	Mám stále hlad.
374410	Lavati le mani prima di mangiare.	2268335	Umyjte si před jídlem ruce.
374434	Sono di Tokyo.	1750826	Já jsem z Tokia.
374455	Ha nevicato a Osaka.	1700727	V Osace sněžilo.
374456	Vive a Osaka.	1700728	Žije v Osace.
374460	Non mi piace l'atmosfera inquinata delle grandi città.	1700729	Nelíbí se mi znečištěné ovzduší velkých měst.
374461	Ho sentito qualcuno piangere.	1700730	Slyšel jsem někoho plakat.
374462	Ho sentito qualcuno gridare.	1700731	Slyšel jsem někoho křičet.
374463	Non so chi abbia scritto questa lettera.	1700732	Nevím, kdo napsal tento dopis.
374464	Sono un uomo.	1700736	Jsem muž.
374467	Masaru si è sposato oggi.	1700739	Masaru se dnes oženil.
374468	Oggi è nuvoloso.	1700740	Dnes je zataženo.
374469	Oggi sono fortunato.	1501520	Dnes mám štěstí.
374470	Grazie per oggi.	1700741	Díky za dnešek.
374471	Oggi è piovoso.	1700745	Dnes je deštivo.
374472	Fa freddo oggi.	1700747	Je dnes chladno.
374473	Mi sento bene oggi.	1700750	Dnes se cítím dobře.
374474	Mi sento meglio oggi.	1700752	Dnes se cítím lépe.
374476	Oggi fa estremamente caldo.	1700756	Dnes je mimořádně horko.
374546	Lei ci insegna il francese.	1501636	Učí nás francouzštinu.
374583	Parlare inglese non è facile.	2219058	Mluvit anglicky není jednoduché.
374613	Chi ha scritto Amleto?	3543406	Kdo napsal Hamleta?
375423	Roma non è stata costruita in un giorno.	1138595	Řím nebyl postaven za den.
376591	Questo uccello non può volare.	1656542	Tento pták nemůže létat.
376628	Da lontano la piccola isola assomigliava a una tartaruga marina.	2196233	Z dálky ten malý ostrov připomínal mořskou želvu.
376629	Abbiamo trovato una tartaruga in giardino.	2196236	Našli jsme v zahradě želvu.
377193	I genitori amano i propri figli.	1502497	Rodiče milují vlastní děti.
377552	Persiste nella sua opinione.	2196227	Trvá na svém názoru.
378698	Pochi sopravvivono a questa malattia.	1497944	Málo lidí přežije tuto nemoc.
379135	Parlate inglese?	1142642	Mluvíte anglicky?
379532	L'ha resa felice.	1665185	Udělal ji šťastnou.
379682	A tutti piacerebbe credere che i sogni possano diventare realtà.	2268201	Všem by se líbilo věřit, že se sny mohou stát skutečností.
379708	Guarda le note a pagina dieci.	1691986	Podívej se na poznámky na straně deset.
379767	Mio padre è andato in Cina.	2206850	Můj otec odjel do Číny.
380434	La vita in prigione è peggio della vita di un animale.	3507082	Život ve vězení je horší než život jako zvíře.
380621	Loro mangiano dei semi di girasole mentre giocano a carte.	1700789	Pojídají slunečnicová semínka, zatímco hrají karty.
380650	Quando il ghiaccio si scioglie, diventa acqua.	1663880	Když led taje, stává se z něj voda.
380832	Kyoto è famosa per i suoi templi antichi.	1499760	Kjóto je známé svými chrámy.
381441	Mi piacerebbe visitare New York.	1657778	Líbilo by se mi navštívit New York.
381897	Meno rumore, per favore.	1691945	Méně hluku, prosím.
381942	Vorrei una camomilla.	3238834	Chtěla bych heřmánkový čaj.
381942	Vorrei una camomilla.	3238835	Chtěl bych heřmánkový čaj.
382095	Mentre eravamo in vacanza, un vicino si è preso cura del nostro gatto.	1700819	Zatímco jsme byli na dovolené, soused se nám staral o kočku.
382140	È andato a cacciare nei boschi.	1657273	Šel lovit do lesů.
382157	Tutti gli esseri umani nascono liberi ed eguali in dignità e diritti. Essi sono dotati di ragione e di coscienza e devono agire gli uni verso gli altri in spirito di fratellanza.	338181	Všichni lidé rodí se svobodní a sobě rovní co do důstojnosti a práv. Jsou nadáni rozumem a svědomím a mají spolu jednat v duchu bratrství.
382169	Verrà punito.	1696593	Bude potrestán.
383498	Dillo in inglese.	1665212	Řekni to anglicky.
384593	Sono completamente guarito da questa malattia.	1497945	Jsem z tohoto onemocnění zcela vyléčen.
384854	Siamo fratello e sorella.	1657777	Jsme bratr se sestrou.
386199	Questo è un libro sulle stelle.	2409425	To je kniha o hvězdách.
387010	Avevamo tre aerei.	1505635	Měli jsme tři letadla.
387546	In realtà un mezzo occhio è molto utile perché con un mezzo occhio un animale può vedere la metà di un altro animale che vuole divorarlo e spostarsi dal suo cammino, e divorerà lui stesso l'animale che non ha che un terzo di occhio o il 49% di un occhio perché esso non si sarà spostato dal suo cammino abbastanza velocemente, e l'animale che è stato divorato non avrà dei cuccioli perché è morto.	2268313	Polovina oka je ve skutečnosti velmi užitečná, protože s polovinou oka může živočich vidět polovinu jiného živočicha, který ho chce sežrat a utéct z jeho cesty, sežrat sám jiného živočicha, jenž nemá víc než třetinu oka, nebo 49 % oka, protože neutekl z jeho cesty dostatečně rychle, a živočich, který byl sežrán, nebude mít mláďata, jelikož je mrtvý.
388239	È ritornato a prendere il suo cappello.	2196598	Vrátil se, aby si vzal svůj klobouk.
389488	Pechino è la capitale della Cina.	3547288	Peking je hlavní město Číny.
393897	Meglio un uovo oggi che una gallina domani.	1497891	Lepší vrabec v hrsti nežli holub na střeše.
395849	Chi sei?	1338577	Kdo jsi?
397464	C'è qualcuno alla porta.	1502520	Někdo je ve dveřích.
398316	Mio fratello si è ferito durante l'incidente.	1656602	Můj bratr se zranil při nehodě.
399341	Molte persone non sanno che gli antibiotici sono inefficaci contro le malattie virali.	1497946	Mnoho lidí neví, že antibiotika jsou neúčinná proti virovým onemocněním.
399716	Questa è mia madre.	1891591	To je má matka.
399830	Un cane corre dietro a un gatto e il gatto corre dietro a un topo.	1133158	Pes běží za kočkou a kočka běží za myší.
403020	Forse non lo sai, ma nessuno potrebbe sostituirti.	1511999	Možná to nevíš, ale nikdo by tě nemohl nahradit.
409361	Il tuo suggerimento sembra ragionevole.	2196625	Tvůj návrh zní rozumně.
409861	Quando sento questa canzone, ti penso, e mi manchi.	1664411	Když slyším tuhle píseň, myslím na tebe a chybíš mi.
410113	Supponiamo che si tratti di un avvelenamento da morso di serpente.	3506699	Předpokládáme, že se jedná o otravu hadím uštknutím.
410159	Ho un gatto e un cane. Il gatto è nero e il cane è bianco.	1133159	Mám kočku a psa. Kočka je černá a pes je bílý.
410822	Ammiro il tuo talento.	1665176	Obdivuji tvůj talent.
418975	Alla fine il suo sogno di diventare medico si è avverato.	2218996	Nakonec se jeho sen, stát se lékařem, vyplnil.
422373	Le sue gambe sono lunghe.	1497937	Její nohy jsou dlouhé.
426206	Ho accettato di aiutare l'anziana signora.	1664379	Souhlasil jsem pomoci staré paní.
426482	Il nemico di un nemico è un amico.	1502526	Nepřítel nepřítele je přítel.
426860	A presto!	1497956	Uvidíme se brzy!
427749	Mi ricordo di averla vista da qualche parte.	1696596	Pamatuji si, že jsem ji někde viděl.
427924	Chi erano i membri dei Beatles?	1502523	Kdo byli členové Beatles?
427968	Sono in buona salute.	1501940	Jsem zdráv.
428083	Mi ami?	1338508	Miluješ mě?
429325	Venti persone sono morte in un incendio.	1662068	Dvacet lidí zemřelo při požáru.
438668	Puoi venire domenica sera?	2206854	Můžeš přijít v neděli večer?
439996	È pericoloso nuotare nello stagno.	1701533	Je nebezpečné plavat v rybníce.
440001	Non c'è molta acqua nello stagno.	1701531	V rybníce není moc vody.
445210	Non ho mai sentito parlare di questa storia.	1502532	Nikdy jsem neslyšel vyprávět tento příběh.
446054	Eppur si muove!	3435352	A přece se točí!
448301	Il bosco brucia facilmente.	1657277	Les snadno hoří.
488881	Farò una prova.	1662180	Zkusím to.
493628	Credono che Jane sia onesta.	1499168	Věří, že Jane je upřímná.
497685	L'aeroporto era chiuso a causa della nebbia.	1664403	Letiště bylo uzavřeno kvůli mlze.
497694	Sembra una proposta abbastanza buona.	1501548	To zní jako skutečně skvělý návrh.
499812	Per favore, datemi una tazza di latte.	1656604	Dejte mi prosím hrnek mléka.
499825	Il principe era perso nel bosco.	1657281	Princ se ztratil v lese.
499839	I draghi sono degli animali immaginari.	2206856	Draci jsou imaginární živočichové.
521609	Mi piace, quando mi manda le cartoline.	521604	Líbí se mi, když mi odesilá pohlednice.
524167	Pago con la carta di credito.	1663756	Platím kreditní kartou.
524751	Durante la sua vita, lei ha avuto tre mariti e esercitato vari mestieri.	2207946	Během svého života měla tři manžele a vykonávala různá řemesla.
531446	La settimana scorsa eravamo molto occupate.	1691928	Minulý týden jsme byly velmi zaneprázdněné.
548393	Devo aiutarla a tutti i costi.	1497982	Musím jí pomoct za každou cenu.
576984	Chi di spada ferisce, di spada perisce.	1691944	Kdo mečem zraňuje, mečem zhyne.
581650	Mia cara, se il cibo non è pronto alle sette, ho intenzione di andare al ristorante.	1505738	Moje drahá, jestliže jídlo nebude hotovo v sedm, mám v úmyslu jít do restaurace.
587950	La casa è fredda.	1133161	Dům je studený.
602272	In Giappone non c'è nessun lago più grande del lago Biwa.	1657310	V Japonsku není větší jezero než jezero Biwa.
602336	Come si dice...?	1657770	Jak se řekne ...?
602337	È assurdo provare a persuaderlo.	1665177	Je nemyslitelné, zkoušet ho přesvědčit.
602363	Volevo andare lì.	1691943	Chtěl jsem tam jít.
602480	Lei ha indossato lo stesso cappello per un mese.	1691994	Ona nosila měsíc ten samý klobouk.
606161	Questo era il nocciolo della questione.	1657363	Tohle bylo jádro věci.
607664	Questo puzzle ha cinquecento pezzi.	1497984	Tyto puzzle mají pět set dílků.
609082	Sono sicuro che lei non verrà a trovarti.	1665206	Jsem si jistý, že tě nepřijede navštívit.
609639	Quante persone erano presenti alla riunione?	3589443	Kolik lidí bylo přítomno na schůzi?
610753	In principio Dio creò il cielo e la terra.	1048536	Na počátku stvořil Bůh nebe a zemi.
612748	Perché ti sei arrabbiata così tanto con me la scorsa settimana?	1657765	Proč ses na mě tak zlobila minulý týden?
617203	Ken corre più veloce di voi.	2218988	Ken běhá rychleji než vy.
622297	Lui non li aiuterà e nemmeno io lo farò.	1665175	On jim nepomůže a ani já to neudělám.
624831	Ha perso il sentiero nei boschi.	1657287	Ztratil cestu v lesích.
624849	È un insegnante di inglese.	2196202	Je to učitel angličtiny.
626888	Aspira a diventare una decoratrice di interni.	1657781	Usiluje o to, stát se interiérovou designérkou.
627235	Ti sei già lavato le mani?	1137376	Už jsi si umyl ruce?
627739	Vuole giocare a calcio questo pomeriggio.	1657769	Chce hrát fotbal tohle odpoledne.
627747	Più aspettavo più diventavo impaziente.	1498615	Čím déle jsem čekal, tím jsem se stával více netrpělivý.
632019	Amnesia significa "perdita di memoria".	1691927	Amnézie znamená „ztrátu paměti“.
632963	Lo stagno era pieno di piccoli pesci.	1701536	Rybník byl plný malých ryb.
633503	Non attraversare la strada correndo.	2219077	Nepřebíhejte silnici.
633790	Ha girato la chiave.	1142621	Otočil klíčem.
633841	C'è molta acqua nello stagno oggi.	1701537	V rybníce je dnes hodně vody.
634509	Lei era ancora debole dopo la sua malattia.	1497947	Byla ještě oslabená po nemoci.
634535	Siete mancati tutti questi anni.	1501607	Chyběli jste všechny tyto roky.
635700	Lei non crede in Dio.	1133346	Nevěří v boha.
637074	Non mi dire!	1133279	Neříkej!
638913	Il ferro è più utile dell'oro.	3526779	Železo je užitečnější než zlato.
643083	Mi fa male il piede.	1497973	Bolí mě chodidlo.
646759	Spingi il dito attraverso la gola!	646749	Strč prst skrz krk!
647137	Il ladro corse fino al bosco, vi entrò, e lì si nascose.	1657294	Zloděj běžel až do lesa, vstoupil tam a ukryl se.
650454	Le tigri vivono nella giungla, i leoni nella savana.	1691985	Tygři žijí v džungli, lvi na savaně.
653914	Quella nuvola mi sembra un coniglio.	1502513	Tamten mrak mi připomíná tvarem králíka.
661531	C'è qualcuno qui che parla inglese?	1501937	Je tu někdo, kdo mluví anglicky?
666746	Sto risparmiando per poter andare in Australia.	1657791	Šetřím, abych mohl jet do Austrálie.
669746	Usare l’esperanto per comunicare internazionalmente è una soluzione per preservare la diversità linguistica.	1501589	Používání esperanta jako prostředku mezinárodní komunikace je řešením pro zachování jazykové rozmanitosti.
670836	Preoccuparsi è come pagare un debito che non si ha.	2206980	Dělat si starosti je jako platit dluh, který není.
671603	Andiamo a giocare al parco con l'aquilone?	1663747	Jdeme si do parku pouštět draka?
672411	In quell'anno ci fu un buon raccolto di grano.	1502529	V tomto roce byla bohatá úroda pšenice.
672448	Lo stagno è un metallo molle.	1700866	Cín je měkký kov.
677381	È piccolo e debole.	1691995	Je malý a slabý.
677967	Il re Dario fu sconfitto da Alessandro Magno.	2219055	Král Dárius byl poražen Alexandrem Velikým.
696964	Vista da una certa distanza, è una vera bellezza.	1501702	Při pozorování z určité vzdálenosti je to skutečná nádhera.
700430	Le mucche ci danno del buon latte.	1501560	Krávy nám dávají dobré mléko.
701144	Si è trasferito nel mio quartiere.	1691959	Přestěhoval se do mé čtvrti.
702321	Vorrei avere più tempo per dormire.	2219070	Chtěl bych mít více času na spaní.
702856	Voglio che tu vada all'ufficio postale.	2196574	Chci, abys šel na poštu.
704843	Non sono riuscito a sopportarne la vista.	1691936	Nedokázal jsem na to snést pohled.
704976	Riesci a distinguere l'argento dallo stagno?	1701547	Dokážeš rozlišit stříbro od cínu?
705912	Pensi che sia attraente?	1692011	Myslíš, že je přitažlivá?
714387	Hai messo il cappello al contrario.	1657790	Vzal sis ten klobouk obráceně.
714475	Ci sono molte fabbriche a Kawasaki.	1665188	V Kawasaki je mnoho továren.
714569	È primavera.	2147807	Je jaro.
717845	Sono uscita di casa presto per avere un buon posto.	1502518	Odešla z domu brzy, aby měla dobré místo.
719768	Ero senza parole.	1501518	Neměl jsem slov.
723341	Cristoforo Colombo una volta andò in un McDonald's e ordinò un Happy Meal. Non lo rese felice, però gli piacque il gioco.	1501935	Kryštof Kolumbus šel jednou do McDonald's a objednal si Happy Meal. Neudělalo ho to šťastným, ale líbila se mu hračka.
724571	Viviamo a New York.	2206979	Žijeme v New Yorku.
726328	Mi voglio andare a tuffare nel fiume.	2268340	Chci se jít potápět do řeky.
729191	Buon viaggio!	871496	Št'astnou cestu!
741749	Ho paura dei gufi.	1656528	Mám strach ze sov.
749955	Il parabrezza è l'ampia finestra di vetro nella parte anteriore di un veicolo.	1501629	Čelní sklo je velké skleněné okno v přední části vozu.
756478	In caso di incendio rompa questa finestra.	1662102	V případě požáru rozbij tohle okno.
757576	C'è una penna tra la mela e il libro.	2218995	Mezi jablkem a knihou je pero.
757726	Sto cercando una cartoleria per comprare delle penne.	1501547	Hledám papírnictví, abych koupil nějaké propisky.
759443	I soggetti per l'esperimento sono stati scelti casualmente.	1696682	Předměty pro experiment byly vybrány nahodile.
759445	Gli animali sembrano muoversi casualmente.	1696670	Zdá se, že zvířata se přemisťují náhodně.
759452	Posso aprire un barattolo?	1696663	Můžu otevřít sklenici?
759457	Ce l'avete fatta!	1696647	Udělali jste to!
759534	Non so come usare un file art (.art).	1696644	Nevím, jak používat soubor art (.art).
759548	Sarebbe caduta nello stagno se lui non l'avesse presa per il braccio.	1696618	Spadla by do rybníka, kdyby ji nechytil za paži.
759549	Lo stagno è molto profondo.	1696603	Ten rybník je velmi hluboký.
781739	Dovreste fare attenzione a quello che dite.	2206864	Měli byste se soustředit na to, co říkáte.
791103	Molto bene, grazie.	1502514	Skvěle, díky.
794195	Chi comanda il tempo?	2207971	Kdo přikazuje počasí?
794949	La frase con il numero precedente è falsa.	1499762	Věta s předchozím číslem je chybná.
806613	Questo è un gioco di parole.	1691932	Tohle je slovní hra.
809212	Il progetto è stato un grande successo.	2196518	Ten projekt byl obrovský úspěch.
819324	Tu certamente dirai la verità.	1501938	Ty jistě řekneš pravdu.
819768	L'acqua è pesante.	1608013	Voda je těžká.
819800	Il cibo è buono.	1692010	Jídlo je dobré.
823435	La ragazza che lavora nella pasticceria è affabile.	1497976	Ta dívka, co pracuje v pekárně, je milá.
823459	Stavi leggendo un libro a quell'ora?	2268197	Četl jsi v tu dobu knihu?
825789	Tony parla inglese meglio di me.	1497985	Tony mluví anglicky lépe než já.
830342	C'erano molte rane in questo stagno.	2196561	V tomto rybníce bývala spousta žab.
835226	È venuto in autobus o in treno?	458437	Přijel autobusem, nebo vlakem?
836231	Lavati la faccia e le mani.	1501936	Omyj si obličej a ruce.
838312	La paura causa l'aggressività nei cani.	1133183	Strach vzbuzuje ve psech agresivitu.
838545	Non riesco a credere che tu non conosca l'indirizzo di lei.	1691933	Nedokážu uvěřit, že neznáš její adresu.
846423	Che tipo di minestra è questa?	2218984	Jaký druh polévky je tohle?
848756	Potrei rispondere a tutte le domande.	1499195	Mohl bych zodpovědět všechny otázky.
852664	Posso assicurarti un lavoro.	1657767	Mohu ti zajistit práci.
860673	Una mela al giorno leva il medico di torno!	1505719	Jablko denně drží lékaře stranou.
860745	Com'è questa professoressa?	860738	Jaká je to profesorka?
867361	Finché esisterà il Colosseo, esisterà Roma; quando cadrà il Colosseo, cadrà anche Roma; ma quando cadrà Roma, anche il Mondo cadrà.	1138609	Dokud stojí Kolos, stojí Řím; padne-li Kolos, padne i Řím; padne-li Řím, padne svět.
867380	Mi sento sola senza di voi.	2207934	Cítím se bez vás sama.
876112	La popolazione del Giappone è maggiore di quella della Gran Bretagna.	2268339	Japonská populace je větší než ta britská.
876219	L'uomo anziano mi ha parlato in francese.	1657786	Postarší pán na mě mluvil francouzsky.
876586	Fammi un esempio.	1497975	Dej mi příklad.
883414	Non riesco a seguirvi.	1497992	Nemohu vás následovat.
884128	Morì di cancro.	1501717	Zemřel na rakovinu.
888203	Capisco poco di computer.	461921	Moc se v počítačích nevyznám.
893702	Non toccare quel bottone!	2196593	Nedotýkejte se toho dna!
895281	Perché hai strappato il tessuto, invece di tagliarlo con le forbici?	1511953	Proč jsi trhal tu látku, místo abys ji rozstříhal nůžkami?
910264	È una grande idea.	1634483	Je to skvělá myšlenka.
910275	Hai mai visto un ragno tessere la sua tela?	1501545	Viděl jsi někdy pavouka splétat síť?
932828	Passami sale e pepe, per favore.	1501525	Podej mi sůl a pepř, prosím.
934121	Quella è una grande idea.	1634483	Je to skvělá myšlenka.
934559	Ha detto che non riusciva a venire.	1499192	Řekl, že nemohl přijet.
935581	Nelle sue mani il piombo diventava oro.	2207005	V jejích rukách se olovo mění na zlato.
936863	Il libro più importante per imparare una lingua è, naturalmente, un dizionario.	2206863	Nejdůležitější knihou pro učení jazyka je přirozeně slovník.
940175	Ho avuto il permesso di andarmene da solo purché promettessi di stare attento.	2206992	Bylo mi povoleno odejít sám, pokud slíbím, že budu opatrný.
943565	Assaggiate questa salsa.	1665195	Zkuste tuhle omáčku.
945440	È diventato irritato.	1663795	Byl podrážděn.
945444	Non c'era nessuno nella stanza.	2206849	V místnosti nikdo nebyl.
946303	Questa vicenda è tanto fumo e niente arrosto.	1664391	Tento příběh je samý kouř, ale žádný oheň.
948291	Questa assicurazione copre tutto.	2268342	Toto pojištění pokrývá vše.
965457	Che cosa sia la memoria è oggi chiaro a tutti quelli che hanno un minimo di dimestichezza con il computer.	1657775	Co je paměť je dnes jasné všem, kdož jsou minimálně spřízněni s počítačem.
974023	L'insegnante gli permise di andare a casa.	1663805	Učitel mu dovolil jít domů.
977444	Il piombo è un metallo.	2207006	Olovo je kov.
978402	Potrò raccontarlo ai nipoti, un giorno, e dire: "Io c'ero!".	1505662	Jednoho dne to budu moci vyprávět vnoučatům a říci: „Byl jsem tam!“.
984057	Solo tu puoi rispondere alla domanda.	1665209	Pouze ty můžeš odpovědět na tu otázku.
984139	Può portarci il conto, per favore?	2219016	Můžete nám přinést účet, prosím?
989702	Il treno da Ginevra arriverà alla stazione.	1497979	Vlak ze Ženevy přijede do stanice.
991607	Vado a comprare una macchina fotografica per mia figlia.	2196531	Jdu koupit fotoaparát pro svou dceru.
991680	C'erano dei grandi alberi intorno allo stagno.	2196562	V okolí rybníka bývaly veliké stromy.
991702	Improvvisamente le spesse nubi nascosero il sole.	1502478	Hustá oblaka náhle zakryla slunce.
991740	Se chiedete a un matematico se è adulto o minorenne, non sorprendetevi se risponde "sì".	1499758	Pokud se zeptáte matematika, jestli je dospělý, nebo ještě nezletilý, nepřekvapí vás, když odpoví „ano“.
996107	La tartaruga è un animale longevo.	2196237	Želva je dlouhožijící tvor.
996668	Questo è un gufo notturno.	1657231	Tohle je noční sova.
996817	Bisogna fare molta propaganda.	1501561	Je třeba provést rozsáhlou propagandu.
997307	Ho voglia di mangiare qualche caldarrosta.	1691963	Toužím sníst nějaké pečené kaštany.
997349	Lei è una campionessa di scherma.	2196536	Ona je přebornicí v šermu.
997445	Facciamo qualche capriola?	1663823	Uděláme nějaký přemet?
997457	Il paese ha sofferto per una grossa carestia.	1662055	Země trpěla velkým hladomorem.
997825	Questo maccherone è al dente.	1505710	Tento makarón je na skus.
998195	Mia nonna vive da sola.	1698118	Moje babička žije sama.
999584	Resta da fare un lungo tratto di strada.	2219011	Zbývá postavit dlouhý úsek silnice.
1000827	Il gatto mangia.	3507648	Kočka jí.
1003887	Prendi questo o quello.	1497941	Vezmi si tohle nebo tamto.
1004021	Verrò quando avrò finito i miei compiti.	1662078	Přijdu, až dodělám své domácí úkoly.
1005769	Non l'ho ancora sentita.	1497972	Ještě jsem ho neslyšela.
1005913	Il marocchino è un caffè espresso con poca schiuma di latte e una spolverata di cacao.	1501554	Marocchino je káva espresso s trochou mléčné pěny a kakaovým popraškem.
1006625	Questa corda è molto debole.	2196513	Tenhle provaz je velmi slabý.
1007445	Tutti devono morire.	1691942	Všichni musí zemřít.
1010010	È andato a pesca.	1505702	Šel rybařit.
1010953	Comincio a sentirmi a mio agio quando parlo in cinese.	1502510	Začínám se cítit v pohodě, když mluvím čínsky.
1014443	Hanno urlato il più forte possibile.	1497989	Řvali nejvíc, jak bylo možné.
1015671	Lei era troppo stanca per continuare a lavorare.	1622128	Byla příliš unavená, aby pokračovala v práci.
1016574	È coraggiosa a vivere da sola nel deserto.	2268337	Je odvážná, žít sama na poušti.
1021985	Sono andato a bere una birra con i miei amici.	3515504	Šel jsem na pivo s přáteli.
1022170	Ho sentito che lui è morto.	1499165	Slyšel jsem, že zemřel.
1022988	Non si parli male dei defunti.	1669766	O mrtvých jen dobře.
1035893	Questo muro è molto freddo al tatto.	1505696	Tato stěna je velmi chladná na dotek.
1052664	Mio padre è morto quando avevo sette anni.	2196516	Můj otec zemřel, když mi bylo sedm let.
1057187	Di solito quando finite di lavorare?	2219062	V kolik hodin obvykle končíte s prací?
1071972	Non camminare al di fuori di quest'area.	2206975	Nevycházej ven z této oblasti.
1073121	È molto importante rispettare le regole.	1691996	Je velice důležité se podřídit pravidlům.
1073709	Devo parlarle del nuovo piano.	1501626	Musím s ní pohovořit o novém klavíru.
1078249	Cosa gli ha risposto?	1501535	Co mu odpověděla?
1081976	La lettera che avete scritto deve essere corretta e ricopiata anche se l'avete già rifatta più volte.	1501633	Dopis, co jste napsali, musí být opravený a přepsaný, ačkoliv jste ho již několikrát předělávali.
1082009	Posso accompagnarti all'aeroporto?	2268333	Mohu tě doprovodit na letiště?
1082078	Ho letto dei libri.	1665187	Četl jsem nějaké knihy.
1083154	Il nuovo progetto di legge sarà discusso in parlamento.	1497981	Nový návrh zákona bude projednáván v parlamentu.
1083207	Finirò questo lavoro fra un mese.	1499185	Dokončím tuto práci do měsíce.
1083225	A proposito, è libera stasera?	1499761	A mimochodem, máte dnes večer volno?
1084040	Adesso parlo io.	2196242	Teď mluvím já.
1084143	Aspettatemi!	1501565	Očekávejte mě!
1086090	Sembra felice.	2268194	Vypadá šťastně.
1086090	Sembra felice.	2268195	Zdá se být šťastná.
1086414	Dimmi di chi avete parlato.	1497988	Řekni mi, o kom jste se bavili.
1087934	C'è un buon museo nella mia città.	1499194	V mém městě se nachází krásné muzeum.
1089870	Il tartufo è un fungo che vive in simbiosi con le radici di alcune piante come querce, noccioli, faggi, pioppi e salici.	1657378	Lanýž je houba žijící v symbióze s kořeny některých rostlin, jako jsou duby, lísky, buky, topoly a vrby.
1099975	Ho paura di non poterla aiutare. Deve chiedere a qualcun altro.	2268202	Bojím se, že vám nemohu pomoci. Musíte se zeptat někoho jiného.
1099982	C'è della forza nei numeri.	2196591	V číslech je síla.
1101796	Di tutti gli album pubblicati nel 2009, solo il 2,1% ha registrato vendite pari ad almeno 5.000 copie.	1501605	Ze všech alb vydaných v roce 2009 byla pouze 2,1 % prodána v množství alespoň 5000 kopií.
1102270	Non avvicinatevi al cane.	1664364	Nepřibližujte se k psovi.
1106343	Si assicura che la sua famiglia abbia un regime alimentare equilibrato.	1497962	Ujišťuje se, že její rodina přijímá vyváženou stravu.
1111325	Lui avrà piacere ad aiutarti.	1657783	Bude mu potěšením ti pomoci.
1113721	Continua senza di me.	1502517	Pokračuj beze mne.
1115092	Mi sono già rotto di andare a scuola.	1499184	Už jsem sekl se školou.
1117993	Lo stagno si è prosciugato.	2196567	Ten rybník vyschnul.
1119077	La differenza tra passato, presente e futuro non è altro che una illusione estremamente diffusa.	1131707	Rozdíl mezi minulostí, přítomností a budoucností není nic jiného než extrémně rozšířený klam.
1122647	Sono un artista.	3117118	Jsem umělec.
1123786	Ci sono molti fiumi su quell'isola.	2207936	Na tom ostrově je mnoho řek.
1123975	Tom va a Boston ogni anno.	1663835	Tom jezdí do Bostonu každý rok.
1125652	Ho preso in prestito due libri.	1502525	Půjčil jsem si dvě knihy.
1131634	Non capiamo niente di quello che dite.	1131629	Nerozumíme ničemu z toho, co říkáte.
1132454	Non mangerò gelato.	1132489	Nebudu jíst zmrzlinu.
1132478	Si parla inglese a Singapore.	1132487	V Singapuru se hovoří anglicky.
1132533	Il nostro poco può essere molto per chi non ha avuto niente.	1132548	Naše málo může být hodně pro ty, co neměli nic.
1133156	Ho combattuto il silenzio parlandogli addosso.	1133157	Bojoval jsem s tichem tím, že jsem do něj mluvil.
1137445	Gli anni passano e la gente continua a darmi 18 anni!	2207009	Roky plynou a lidé mi stále přiřkávají 18 let!
1137772	Mi sono asciugata.	1501595	Vyprahlo mi.
1141328	Tu sei la persona più importante nella mia vita.	1499196	Jsi nejdůležitější osoba v mém životě.
1141654	Di quale libro hai bisogno?	1657831	Kterou knihu potřebuješ?
1142663	Egli cresce come un fungo dopo la pioggia.	1142665	Roste jak houby po dešti.
1144047	Alla fine anche lui è dovuto andare a Canossa.	1144051	Nakonec musel i on odjet do Canossy.
1148084	Tom continuò a studiare il francese per altri tre anni.	1657833	Tom pokračoval ve studiu francouzštiny další tři roky.
1152685	In esperanto i sostantivi, gli aggettivi, gli avverbi e i verbi mostrano la loro funzione nella frase attraverso la loro terminazione.	1662169	V esperantu vyjadřují podstatná jména, přídavná jména, příslovce a slovesa svoji funkci ve větě pomocí koncovek.
1157062	Ti sbagli, non l'ho mai detto.	1608012	Mýlíš se, nikdy jsem to neřekl.
1168319	Fallo di nuovo!	1502499	Udělej to znovu!
1168723	Beve caffè?	1499186	Pijete kávu?
1169494	Voglio questo telefono.	1665180	Chci tento telefon.
1170015	Tom non passa molto tempo a Boston.	1505631	Tom netráví v Bostonu mnoho času.
1175744	Dovresti imparare dal suo esempio.	1501628	Měl by ses učit z jeho příkladu.
1176213	Mi è sembrato ovvio che il piano aveva bisogno di qualche revisione.	1691954	Zdálo se mi zřejmé, že plán bylo nutné několikrát přezkoumat.
1188639	Ha iniziato a urlare e sono scappato via.	1665171	Začal křičet a utekl jsem pryč.
1193023	Ci sono molti uccelli nel bosco.	1499764	V lese je spousta ptáků.
1195435	Il vostro inglese sta migliorando.	2206989	Vaše angličtina se zlepšuje.
1198620	Gli sparo.	1058182	Zastřelím ho.
1207414	Avete sorelle?	1663754	Máte sestry?
1208919	Chi è il prossimo?	1800793	Kdo je další?
1209597	Mi ha dato un abbraccio.	1499765	Objal mě.
1210596	Mia zia mi ha portato dei fiori.	1502524	Má teta mi přinesla nějaké květiny.
1216959	Ma che spettacolo è?	1665170	Jaké je představení?
1218050	L'arte contemporanea mi piace molto.	1663775	Současné umění se mi velmi líbí.
1218118	Tom ha prenotato tutto: sarà una festa meravigliosa.	1501573	Tom vše zařídil: bude to skvělá oslava.
1221329	Questo non è il tuo libro, è il mio.	1501559	Tohle není tvá kniha, je moje.
1222444	Si sieda, per favore!	2206860	Sedněte si prosím!
1223797	Ci vediamo venerdì.	1499199	Uvidíme se v pátek.
1228805	Quel mistero rimane insoluto.	2268327	Ta záhada zůstává nevyřešena.
1230062	Dov'è la mia penna rossa?	2207983	Kde je mé červené pero?
1231781	Togli le mani!	1502515	Sundej ty ruce!
1241650	Sa chi è.	1501568	Víš, kdo to je.
1241686	Forse cambierà d'opinione.	1499198	Možná změní názor.
1241706	Ride di cuore.	1691930	Směje se od srdce.
1246111	Tom guida troppo velocemente.	1502522	Tom jezdí příliš rychle.
1249324	Qual è il suo scioglilingua preferito?	1502530	Jaký je tvůj oblíbený jazykolam?
1251655	È un animale molto bizzarro.	1657979	Je to velmi zvláštní živočich.
1251828	Qual è il vostro libro?	1501524	Která je vaše kniha?
1253962	Il lago è profondo qui.	1501697	Jezero je zde hluboké.
1254193	Ho bisogno di andare a lavorare.	1501540	Mám potřebu jít pracovat.
1255807	Asciugatevi gli occhi.	1502505	Otřete si oči.
1255829	Aspetta un attimo.	1501919	Počkej chvíli.
1260534	Ha cambiato lavoro.	1502527	Změnil zaměstnání.
1261547	Non riesco più a sopportare questo dolore.	2206858	Nemůžu už více ustát tuhle bolest.
1268040	Tenete le mani pulite.	1664370	Udržujte ruce čisté.
1269473	Mi chiedo se pioverà domani.	1497993	Zajímalo by mě, jestli bude zítra pršet.
1271060	Lei provò a non urlare.	2206102	Pokusila se nekřičet.
1271181	Beato chi non s'aspetta niente, perché non sarà mai deluso.	1497994	Požehnaní ti, kteří nic neočekávají, jelikož nebudou nikdy zklamáni.
1271194	Aveva molti conoscenti, ma nessun amico.	1497908	Měla mnoho známých, ale žádného přítele.
1271684	Io sono umana.	1691946	Jsem lidský.
1271942	Gli orsi polari vivono nell'Artico.	2206987	Polární medvědi žijí na Arktidě.
1272836	Dove andrà in vacanza?	1501583	Kam pojedete na dovolenou?
1275432	Perché non chiedete a Tom?	1497980	Proč se nezeptáte Toma?
1275443	Tom è stato in grado di rispondere a tutte le domande.	1663830	Tom byl schopen odpovědět na všechny dotazy.
1277331	Ho finito ora di far la valigia.	1502508	Teď jsem skončil s balením.
1280461	Lei sa parlare in francese.	2196527	Ona umí mluvit francouzsky.
1280929	Dico solo che ho comprato la crema di latte.	2219033	Říkám pouze, že jsem koupil mléčný krém.
1282598	La cattiveria beve da sé la maggior parte del proprio veleno.	1657766	Zloba od sebe upijí největší část vlastního jedu.
1282647	Graham Green è uno dei miei autori preferiti.	1499187	Graham Green je jeden z mých oblíbených autorů.
1292239	Era una camera molto grande.	1663763	Byl to značně velký pokoj.
1294219	Mangio topi vivi.	1663838	Jím živé myši.
1294920	Temo di diventare cieco.	1663751	Bojím se, že oslepnu.
1299351	Io leggevo libri.	2218987	Četl jsem knihy.
1299579	Arriva spesso tardi a scuola.	1657782	Přijíždí do školy vždy pozdě.
1301468	Deve pagare per il libro.	1336614	Musí zaplatit za knihu.
1306612	Non ha niente da fare.	1497978	Nemá co dělat.
1306619	La prossima volta vieni a spalare la neve te!	1662100	Příště jdeš odhazovat sníh ty!
1307960	New York è una delle città più grandi al mondo.	1497991	New York je jedno z největších měst světa.
1308404	Il grande pubblico applaudì alla fine della canzone.	2207932	Velké publikum tleskalo na konci písně.
1308480	Io non lo vedo da secoli.	2219015	Neviděla jsem ho staletí.
1308623	Lui ci chiese di aiutarlo.	1501558	Požádal nás o pomoc.
1309629	Tom non sa niente sulla situazione.	1502511	Tom neví nic o té situaci.
1309899	Almeno sono onesto e non dico di essere perfetto.	1502512	Alespoň jsem upřímný a netvrdím, že jsem dokonalý.
1311260	Gli anziani riguardano troppo il passato.	1502528	Staří lidé příliš hledí do minulosti.
1312460	Tu sei la mia segretaria.	1499766	Ty jsi má sekretářka.
1316632	Il signor Bush è un presidente.	871485	Pan Bush je prezident.
1316951	Il mio orologio va indietro di tre minuti al giorno.	2206847	Moje hodinky jdou tři minuty pozadu za den.
1317118	Non si può sapere quando arriveranno.	1499191	Nelze říci, kdy přijedou.
1326926	Dire che ha vinto è poco.	2196589	Říci, že vyhrál, je málo.
1331150	Mi inviò un regalo.	1502481	Poslal mi dárek.
1333624	Perché non la accetti?	1502516	Proč ji nepřijmeš?
1334073	Il denaro non può comprare tutto.	1665193	Za peníze si vše nekoupíte.
1334074	Vi ricorda qualcosa?	1657773	Připomíná vám to něco?
1345595	Dobbiamo rimpolpare la nostra organizzazione.	1501580	Musíme posílit naši organizaci.
1347959	Non volevano essere coinvolti nella lotta.	1656606	Nechtěli být zapojeni do boje.
1363029	Quando torni a casa?	2196246	Kdy se vrátíš domů?
1363855	Ho avuto successo nel lavoro.	2219081	Měl jsem úspěch v práci.
1367462	Tu sei alcolizzata se non riesci a ricordarti certe cose!	1502519	Jsi pod vlivem, jestliže si nedokážeš zapamatovat jisté věci.
1368908	Il lago Baikal in Russia è il lago più profondo del mondo.	1657314	Jezero Bajkal v Rusku je nejhlubším jezerem světa.
1402846	Ma cosa stavo guardando?	1691989	Ale co jsem sledoval?
1405863	Quando dici questo genere di cose un po' mi spaventi.	1497986	Když mluvíš o těchto věcech, trochu se děsím.
1409630	Tom fuma come una ciminiera.	1499759	Tom kouří jako komín.
1413238	Sofà come quello non sono economici.	1499188	Pohovky jako tato nejsou z nejlevnějších.
1418076	Tom è arrivato tardi in stazione.	2196241	Tom přijel do stanice se zpožděním.
1426805	Secondo voi è vero?	1497990	Podle vás je to pravda?
1435702	Completi la sentenza.	1501562	Doplň větu.
1436625	Sta insegnando a scopo di esame.	1696600	Učí se na zkoušku.
1437193	Non posso ringraziarvi abbastanza.	1499768	Nemohu vám dostatečně poděkovat.
1438591	Pensa che io sia pazza?	2196521	Myslíte, že jsem šílená?
1438623	Ormai è una guerra.	2219024	Už je válka.
1438699	Ma esiste davvero la tua laurea?	1502490	Ale opravdu existuje tvůj titul?
1443395	Ho letto che il presidente del Brasile è una donna. Si chiama Dilma.	1443442	Četl jsem, že prezidentem Brazílie je žena. Jmenuje se Dilma.
1447218	Denunciarlo non servirebbe a molto.	1497974	Jeho propuštění by se příliš nevyplatilo.
1448836	L'ho sperato con tutto il cuore.	1692007	Doufal jsem v to celým srdcem.
1454846	Credo di meritare un premio.	2196587	Věřím, že si zasloužím prémii.
1455653	Io sono un monaco.	1691941	Jsem mnich.
1465870	Non prenderò mai più un antibiotico in vita mia!	2218992	Už si nikdy ve svém životě nevezmu antibiotikum!
1467728	C'è un'accozzaglia di gente che non capisce neanche di che sta parlando!	1497977	Existuje skupina lidí, kteří nerozumí ani tomu, co říkají.
1469987	Una persona vale più dei soldi.	2196201	Člověk má vyšší hodnotu než peníze.
1471150	Lui è molto coraggioso.	1501590	Je velmi statečný.
1472298	Non mi mancherà la città, ma mi mancheranno le persone.	1665199	Nebude mi chybět město, ale budou mi chybět lidé.
1472348	Tom si arruolò nell'esercito.	1501523	Tom se přihlásil do armády.
1472968	Riusciranno a trovare l'accordo?	1502521	Dokáží se shodnout?
1474585	Ora la estendo anche alle mie amichette.	1665164	Teď to rozšířím také ke svým kamarádkám.
1475790	Il suo viso si è illuminato.	1663781	Jeho obličej se rozzářil.
1479667	È la pera più gustosa che io abbia mai mangiato.	1664345	Je to nejchutnější hruška, jakou jsem kdy jedl.
1481847	Sono un vincitore!	1499190	Jsem vítěz!
1485741	Sei difficile e incorreggibile.	2206845	Jsi složitý a nenapravitelný.
1491084	Il coniglio sta mangiando la carota.	1502495	Králík jí mrkev.
1492628	Non abbiamo avuto il tempo!	2207965	Neměli jsme čas!
1494023	Raccolgono la nostra spazzatura ogni lunedì.	1497931	Odpadky nám vyvážejí každé pondělí.
1496920	Dove compri la verdura?	1501694	Kde kupuješ zeleninu?
1497477	Il curriculum che si porta al colloquio dev'essere lo stesso che è stato mandato all'azienda.	1498573	Životopis, který se přináší na pohovor, musí být totožný s tím, co byl poslán do společnosti.
1497489	Bisogna evitare abiti succinti.	1497936	Je třeba se vyvarovat odhalujícímu oblečení.
1497528	Bisogna salutare e dare la mano alle persone presenti.	1498562	Je nezbytné pozdravit a podat ruku přítomným osobám.
1497546	Come mai ha scelto questa azienda?	1497904	Jak je možné, že si vybral tuto společnost?
1497549	Non bisogna parlare di studi ed esperienze lavorative.	1497901	Není nutné hovořit o studiích a pracovních zkušenostech.
1497554	È importante fare domande.	1497898	Je důležité se ptát.
1497558	Ha il tempo di cenare con me stasera?	1497896	Máš čas se se mnou dnes navečeřet?
1497581	Non hai nessuna preoccupazione.	1497895	Nemáš žádnou starost.
1497616	L'acquedotto è situato non distante da casa mia.	1497894	Vodárna je umístěna nedaleko mého domu.
1497668	Ecco qualche buona regola su come conservare i cibi.	1497886	Zde je nějaký správný předpis, jak uchovávat potraviny.
1497794	Ci deve essere qualcosa che mi aiuterà.	1497885	Musí tu být něco, co mi pomůže.
1497796	Magdalena è interessata alla geografia.	1497884	Magdaléna se zajímá o zeměpis.
1497854	L'industrializzazione e l'esodo rurale hanno accentuato l'inurbamento della popolazione italiana dal 1945 ad oggi.	1497858	Rozvoj průmyslu a odchod lidí z venkova zvýšily urbanizaci Itálie od roku 1945 dodnes.
1497859	Se ci sarà molto traffico, non passeremo dal centro.	1497860	Pokud bude hustý provoz, nepojedeme přes centrum.
1497864	Molti preferiscono l'autunno per i suoi bei colori.	1497862	Mnozí z nás upřednostňují podzim kvůli jeho krásným barvám.
1497865	Fa oggi quello che devi fare domani.	1497866	Co můžeš udělat dnes, neodkládej na zítřek.
1497865	Fa oggi quello che devi fare domani.	1497867	Udělej dnes, co musíš udělat zítra.
1497869	In passato, quando non esistevano ancora le previsioni del tempo, i contadini dovevano affidarsi alle loro osservazioni ed esperienze precedenti.	1497868	V minulosti, kdy ještě neexistovaly předpovědi počasí, se museli zemědělci spolehnout na své postřehy a předchozí zkušenosti.
1497870	Nella Boemia meridionale si estende un paesaggio calmo, soleggiato, con molti laghi dove vengono allevati pesci d'acqua dolce.	1497871	V jižních Čechách se rozprostírá pokojná slunná krajina s mnoha rybníky, ve kterých se chovají sladkovodní ryby.
1497932	La felicità si ottiene anche con i momenti di tristezza e riflessione interiore.	1497940	Štěstí je také doprovázeno chvílemi smutku a vnitřními úvahami.
1497949	La città di Olomouc è molto orgogliosa di aver l'unica collezione delle sei fontane barocche.	1497950	Olomouc je velmi hrdá na jedinečnou sbírku šesti barokních kašen.
1499197	È un paese libero.	1499200	Je to svobodná země.
1504527	Che cos'avete fatto questa mattina?	1504580	Co jste dnes ráno udělali?
1504544	La notte fonda e la luna piena ci offrivano da dono solo l'atmosfera.	1504545	Hluboká noc a úplněk nám nabídly jako dar pouze atmosféru.
1504590	Perché mi hai chiesto l'amicizia?	1504598	Proč jsi mě požádal o přátelství?
1504626	Un uomo solo è solo perché teme gli altri.	1664350	Osamělý člověk je sám, jelikož se bojí ostatních.
1506675	La sua scuola si trova su un'alta collina.	1662157	Její škola se nachází na vysokém kopci.
1507028	I poeti non possono vivere senza amore.	1665160	Básníci nemohou žít bez lásky.
1509162	Paulina ha un berretto rosa.	1253792	Paulína má růžovou čepici.
1509166	Dopo una lunga assenza, tornò a casa.	1226822	Po dlouhé nepřítomnosti se vrátil domů.
1509177	Non ho per niente fame.	1048022	Vůbec nemám hlad.
1509178	L'investigatore lo osservava.	1338095	Detektív ho sledoval.
1509179	L'investigatore lo seguiva	1338095	Detektív ho sledoval.
1509180	Alla fine avremo successo.	1137368	Nakonec budeme mít úspěch.
1509181	Mi sono comprato un'auto nuova.	696482	Koupil jsem si nové auto.
1509182	Sono andata a quella festa solo per farmi vedere nella società.	463651	Šla jsem na ten večírek jenom proto, abych se ukázala ve společnosti.
410250	John vive a New York.	356152	John žije v New Yorku.
1509184	Straniero? E di dove sei?	871537	Cizinec? A odkud jste?
1509185	Questo libro è scritto in un inglese semplice, dimodoché lo comprendano i principianti.	1142619	Tato kniha je napsána jednoduchou angličtinou, aby jí rozuměli začátečníci.
1509186	Comprami una tartaruga, mamma, comprami per favore una tartaruga!	1336488	Kup mi želvu, maminko, kup mi prosím želvu!
1509188	Quanto tempo ancora durerà questo freddo?	458943	Jak dlouho ještě bude takové chladno?
1509189	Telefonerò per confermarlo.	1138561	Zavolám, abych to potvrdil.
1509190	Credo in questo metodo d'insegnamento.	1139065	Věřím v tuto metodu učení.
1509191	Sono povera.	1065116	Jsem chudá.
1506970	Ho lo stesso dizionario di tuo fratello.	696465	Mám stejný slovník jako tvůj bratr.
1509193	Io voglio una spada come questa!	1362141	Já chci meč, jako tento!
1509199	È possibile dirlo anche così.	601817	I tak je to možné říci.
1509200	Farò il compito per casa.	873642	Budu dělat domácí úkol.
1509201	Il cane corre dietro al gatto e il gatto corre dietro al topo.	1133158	Pes běží za kočkou a kočka běží za myší.
1509202	Cos'è migliore dell'amicizia?	1338037	Co je lepší než přátelství?
1509203	Sei sicuro che lo vuoi fare?	1265391	Jsi si jistý, že to chceš udělat?
1509204	Sto solo guardando.	458501	Jenom se dívám.
1509964	Ti ho svegliato.	1662071	Vzbudil jsem tě.
1512113	Ho i riflessi più lenti di una tartaruga.	2196238	Mám reflexy pomalejší než želva.
1512590	La stazione è proprio dietro l'angolo.	1665167	Stanice je skutečně za rohem.
1515884	Loro hanno deciso di attenersi al piano originale dopo tutto.	2268320	Nakonec se rozhodli držet původního plánu.
1517753	Lasciami in pace.	1696573	Nech mě v klidu.
1520819	Il bambino sa camminare.	2196258	To dítě umí chodit.
1521871	Mio padre diventa sempre nervoso.	2207955	Můj otec je často nervózní.
1525366	Mi potreste dire chi viene in pullman?	2207962	Mohli byste mi říci, kdo přijede v autokaru?
1530345	Sembra soddisfatto.	2207994	Vypadáte spokojeně.
1533103	Cristo è risorto!	1533124	Kristus vstal z mrtvých!
1535106	Una volta avevo la tua età.	2196204	Kdysi jsem byl ve tvém věku.
1535761	Anche qua ci vorrebbe una rivoluzione.	2219120	I tady by to chtělo revoluci.
1542620	Gli piace passeggiare da solo.	458482	Rád chodí na procházky sám.
1542625	Tom è grande tanto quanto suo padre.	458590	Tom je stejně velký jako jeho otec.
1542637	Quanti giorni la settimana vai a scuola?	845829	Kolik dní v týdnu chodíš do školy?
1542641	Dice che ama i fiori.	459616	Říká, že má ráda květiny.
1542651	Ho letto tutti i suoi romanzi.	1133969	Četl jsem všechny jeho romány.
1542658	Posso far foto qui?	1048033	Můžu tady fotit?
1542661	Non lo so, vai a dormire!	1338135	Nevím, jdi spát!
1542667	Queste tre belle ragazze sono mie nipoti.	1138570	Všechny tyhle tři krásné dívky jsou moje neteře.
1542679	Lei lo disse a Tony.	1139078	Řekla Tonymu.
1542685	Silvia amava i concerti.	1105998	Sylvia milovala ty koncerty.
1542688	Non sono ceco.	871549	Nejsem Čech.
1524521	Sono in giardino.	1317951	Jsem v zahradě.
1543128	Pioveva quando sono arrivati.	2207018	Pršelo, když jsme přijeli.
1544269	Non devi studiare.	2268207	Nemusíš studovat.
1545929	Ho ancora un po' di fame.	2268321	Mám ještě trochu hlad.
1546995	Lei ha bevuto un bicchiere di latte.	459139	Vypila sklenici mléka.
1547022	È possibile vedere Venere stanotte?	458591	Je dneska v noci vidět Venuše?
1547023	Mi dispiace terribilmente per lui.	463652	Je mi ho strašně líto.
1547024	Lui quando è tornato?	1114429	Kdy vrátil?
1547025	Ci andrò con te.	845803	Půjdu s tebou.
1547028	Questo vecchio cacciatore conosce lo sceriffo.	871458	Šerif zná toho starého trapera.
1547029	Conosce la zona come le sue scarpe.	458405	Zná to tam jako svoje boty.
1547031	Il mio amico è deceduto per le ferite.	1501895	Můj přítel podlehl zranění.
1547033	Sei tanto carina!	1338544	Jsi tak pěkná!
1547035	Cosa intendi dire con "non mi piace"?	1138636	Co chceš říct tím ''nelíbí se mi''?
1547036	Nel pomeriggio andiamo a farci una nuotata.	458920	Pojďme si odpoledne zaplavat.
1547038	Calamity Jane è vissuta in California.	871475	Calamity Jane žila v Kalifornii.
1547040	Ma questa è un'insolenza!	1420156	To je ale drzost!
1547046	Sembra che abbia fretta.	1338046	Zdá se, že spěchá.
1547072	Dovrebbe abituarsi ad alzarsi prima dal letto.	1338042	Musel by si zvyknout vstávat dřív.
1547317	È da tempo che non lo sento.	1139075	Dlouho se mi neozval.
1547321	A New York ci sono un sacco di ristoranti giapponesi.	458679	V New Yorku je spousta japonských restaurací.
1547322	Prendo in prestito una penna.	873663	Půjčím si pero.
1547324	Ciao, bell'uomo!	1060187	Ahoj krasavče!
1547326	Prego, si segga.	1497861	Prosím, sedněte si.
1547328	Prego, si accomodi.	1497861	Prosím, sedněte si.
876768	La luna è bella in autunno.	356112	Měsíc je krásný na podzim.
1547345	Non mi dice nemmeno una parola.	1133293	Neříká mi ani slovo.
1547348	Da quanto tempo siete in Cecoslovacchia, signor Reindl?	871517	Jak dlouho jste v Československu, pane Reindle?
1547353	Il buon vino è un dono degli dei.	1338379	Dobré víno je darem bohů.
1547356	Lascia in infusione il tè per un periodo di dieci minuti.	1139073	Nech čaj luhovat po dobu deseti minut.
1547362	Apri un libro e quello apre la tua anima.	1338428	Otevři knihu a ona otevře tvoji duši.
1547364	Lui scatta foto volentieri.	1226830	Rád fotí.
1547365	Il paziente giace a letto.	1059567	Pacient leží v posteli.
993687	Mi piace il gelato al cioccolato.	1317820	Mám rada čokoládovou zmrzlinu!
1547370	Alle sette arrivò in stazione.	459072	V sedm hodin přijel na nádraží.
1547394	Tutti conoscono questo vecchio cacciatore.	1530781	Všichni znají toho starého lovce.
1547396	Sono stato in montagna.	1530769	Byl jsem na horách.
934553	Nessuno di questi libri è utile.	1530762	Žádná z těchto knih není užitečná.
1547402	Dovresti spegnere meglio il fuoco prima che tu vada a dormire.	1530765	Měl bys radši uhasit ten oheň předtím, než půjdeš spát.
1550113	Mi potrebbe spiegare che cosa significa PKO?	521336	Mohl byste mi vysvětlit, co znamená PKO?
1550114	Ho appena sentito una goccia di pioggia	356115	Právě jsem ucítil kapku deště.
1550115	Dove sono adesso?	873613	Kde jsem teď?
1550116	Dove mi trovo ora?	873613	Kde jsem teď?
1550118	Veramente, non conosco questa donna.	1497959	Opravdu tuto ženu neznám.
1550120	Questa cosa ti è riuscita proprio bene.	458407	To se ti opravdu povedlo.
1550121	I ragazzi spesso detestano gli spinaci.	1497880	Děti často nenávidí špenát.
1550122	Ci distinguiamo dagli animali per il fatto che siamo in grado di parlare.	1134113	Lišíme se od zvířat tím, že umíme mluvit.
1550123	Cristo è resuscitato dai morti!	1533124	Kristus vstal z mrtvých!
1550124	Sono orgoglioso del fatto che non vado mai a scuola in ritardo.	1139072	Jsem pyšný na to, že nikdy nechodím do školy pozdě.
1550125	Ti ho portato qualcosa di piccolo.	338231	Přinesl jsem ti něco malého.
1551842	L'automobile di mio padre è prodotta in Italia.	1338411	Auto mého otce je vyrobené v Italii.
1551843	Lo sceriffo Wyatt Earp ha parlato ieri con il vecchio cacciatore.	871456	Šerif Wyatt Earp mluvil včera s tím starým traperem.
1553958	Mi perdoni se l'ho lasciata attendere così a lungo.	458422	Odpusťte, že jsem vás nechal tak dlouho čekat.
1553962	Non vale la pena di leggere questo libro.	1132531	Tuto knihu nestojí za to číst.
1553969	Ieri ho costruito un amplificatore.	1137950	Včera jsem sestavil zesilovač.
1554007	Lo bevve in un sorso.	1137380	Vypil to na jeden zátah.
1554018	Uno più due equivale a tre.	1096785	Jeden plus dvě se rovná tři.
1554029	In ogni caso andrò quando smette di piovere.	1336580	Každopádně, půjdu když přestane pršet.
1554040	La donna che conversa con quel ragazzo è la sua insegnante.	1138258	Žena hovořící s tím hochem je jeho učitelka.
1554046	Ha superato l'esame.	1336540	Udělala zkoušku.
1554060	Mi sono svegliato stamattina all'alba per scoprire se il raccolto era stato distrutto dagli uccelli voraci.	1133164	Probudil jsem se dnes ráno za svítání, abych zjistil, že úroda byla zničena dravými ptáky.
1554074	Lì ci sei già stata in passato?	1324605	Už tam někdy předtím byla?
1554079	Ci sei già stata prima lì?	1324605	Už tam někdy předtím byla?
1554100	Si colora sempre i capelli.	1133298	Stále si barví vlasy.
1554104	Il signor Brown allora era malato.	1226808	Pan Brown byl tehdy nemocný.
1554108	A ciascun condannato a morte sarà tagliata la testa.	1132440	Každému odsouzenci na smrt bude sťata hlava.
1554112	Per essere un bravo ragazzo devi andare a dormire e alzarti presto.	1497873	Abys bylo hodné dítě, musíš chodit spát a vstávat brzy.
1554125	Gli ospiti partirono presto.	1430517	Hosté brzy odjeli.
1554131	Ho l'appuntamento con il professore alle 13:30.	1226799	Mám schůzku s profesorem ve 13.30.
1559873	Attenzione ai borseggiatori.	1142639	Pozor na kapesní zloděje.
1559874	Come mangia quello!	694363	Jak on je.
1559876	Questa sarà via Karl.	873651	To bude Karlova ulice.
1559877	Lei è il nostro nuovo vicino.	871553	Vy jste náš nový soused.
1559878	Sono stato in ospedale per una settimana.	845811	Byl jsem na týden v nemocnici.
1559881	Senza acqua non è possibile vivere.	696485	Bez vody není možno žít.
1559882	Lei fuma eccessivamente.	1501620	Ona kouří nadměrně.
1559883	La poltrona è davanti alla porta.	1137995	Křeslo je přede dveřmi.
1559884	Divani come quello non sono tra quelli più economici.	1499188	Pohovky jako tato nejsou z nejlevnějších.
1559885	Sembra che lui non abbia avuto tempo.	1338059	Zdá se, že neměl čas.
1559886	Sei così carino!	1338546	Jsi tak pěkný!
1559887	Tutti i miei dolci sono gustosi!	354549	Všechny moje dorty jsou chutné!
1559888	Posso andare a fare una passeggiata?	458805	Můžu jít na procházku?
1559889	Lui mi ha costretto a portare i suoi bagagli.	1265386	Donutil mě nést jeho zavazadla.
1559890	Mia sorella ha un bel pianoforte.	500480	Moje sestra má pěkné piáno.
1559891	Tom dovrebbe prendere con sé l'ombrello poichè sembra che piova.	1132467	Tom by si měl vzít deštník, jelikož se zdá, že prší.
1559892	La mia famiglia sta bene, grazie.	1138668	Moje rodina se má dobře, díky.
1559893	La lingua può essere utilizzata in modi diversi.	1131733	Jazyk může být používán rozličnými způsoby.
1559895	Chi c'è lì?	871555	Kdo je tam?
1561658	Mi spiace, non ne ho più.	458984	Je mi líto, už žádné nemám.
1561786	Buongiorno. Mi chiamo John Reindle. Lavoro all'ambasciata americana a Praga.	871501	Dobrý den. Jmenuji se John Reindle. Pracuji na americkém velvyslanectví v Praze.
1561787	Non ho saputo nulla.	1338284	Nic jsem nevěděl.
1561805	Ci stiamo cercando a vicenda.	873655	Hledáme se.
1561809	Non sono qua per combattere.	1114418	Nejsem tady, abych bojoval.
1561812	Non ha il coraggio di rifiutare il mio piano.	696457	Nemá odvahu odmítnout můj plán.
1561813	La colazione è già pronta.	356080	Snídaně je již připravená.
1561818	Attingere un'informazione da Internet è come bere acqua da un idrante antincendio.	1134199	Vstřebávání informací z internetu je jako pití vody z požárního hydrantu.
1561821	Lo sceriffo conosce il vecchio cacciatore.	871458	Šerif zná toho starého trapera.
1561823	Scivolò e per poco non cadde.	1265392	Uklouzl a málem upadl.
1561825	Andate nella direzione sbagliata.	873616	Jdete špatně.
1561827	Alla festa c'erano solo sei persone.	696462	Na slavnosti bylo jen šest lidí.
1561829	Sono rauco dal raffreddore.	458631	Chraptím z nachlazení.
1561830	Io non lo amo più.	458801	Já už ho nemiluji.
1561832	Mi sono rotto il braccio.	1059581	Zlomil jsem si ruku.
1561833	Ha ancora dei dubbi.	1133301	Má ještě pochyby.
1561836	Ciucciami l'uccello!	1057241	Vykuř mi ptáka!
1562324	Nemmeno in inverno abbiamo molta neve.	1138669	Ani v zimě nemáme moc sněhu.
1562332	Non sono ancora mai arrivato tardi a scuola.	458983	Ještě nikdy nepřišel do školy pozdě.
1562341	Ho paura di vagare nel buio.	354577	Bojím se jít ve tmě.
1562345	Gentili signore e signori!	1430516	Vážené dámy a pánové!
1562353	Mi hai ammazzato la mamma.	1060226	Zabil jsi mi matku.
1562359	Alla fine non arrivò lo stesso.	458923	Nakonec stejně nepřišel.
1562363	L'ha presa alla lettera.	354502	Vzal to doslova.
1562364	Nella fotografia la ragazza non ha una ghirlanda dorata, ma una ghirlanda di fiori.	1137401	Na fotografii nemá dívka zlatý věnec, ale věnec z květin.
1562380	Il Sacramento Chronicle spesso scrive di questo vecchio cacciatore.	871453	Sacramento Chronicle často píše o tom starém traperovi.
1562385	La vecchia catapecchia è a sinistra.	871465	Ten starý srub je nalevo.
1563283	Troppi dolci ti rendono grasso.	2206853	Příliš mnoho sladkého ti způsobuje tloušťku.
1566315	Sono innamorato di questa donna.	2196278	Jsem zamilován do téhle ženy.
1574240	Che giornale legge?	2196501	Které noviny čte?
1574240	Che giornale legge?	2196503	Které noviny čtete?
1575856	Sto andando.	1324600	Už jdu.
1575857	Abbiamo subito fatto amicizia.	565712	Hned jsme se spřátelili.
1575858	Lui bussò alla porta.	1433851	On zaklepal na dveře.
1575859	Questo può capitare a chiunque.	354568	To se může stát každému.
1575860	Se tu premessi il bottone il motore si fermerebbe.	1133297	Kdyby jsi zmáčkl to tlačítko, motor by se zastavil.
1575861	Ieri ho fatto un sogno.	1265400	Včera se mi zdál sen.
1575862	La polvere vulcanica ha danneggiato la funzionalità dell'aereo.	601816	Sopečný popel porušil funkci letadla.
1578352	Oggi è la giornata mondiale contro l'omofobia.	1657771	Dnes je mezinárodní den proti homofóbii.
1588527	Saremo stati occupati preparandoci per il viaggio.	2219103	Budeme zaneprázdnění přípravami na cestu.
1592204	Questo libro tratta delle stelle.	2409425	To je kniha o hvězdách.
1598802	Chi ha paura a tornare a casa può venire a pranzo in giardino da me.	2196200	Kdo má strach se vrátit domů, může jít ke mně na zahradu na oběd.
1608798	Speravate di esservi liberati di noi.	1696587	Doufali jste, že vás propustíme.
1617214	Tom ha suonato il pianoforte per tre ore senza sosta.	2196590	Tom hrál na klavír tři hodiny bez přestávky.
1645181	Tom ha fatto esattamente ciò che gli ho detto di fare.	2207927	Tom udělal přesně to, co jsem mu řekl, aby provedl.
1645238	In circostanze normali i lupi non attaccano le persone.	458951	Lidi vlci za normálních okolností nenapadají.
1645241	Con noi c'è proprio da divertirsi.	463653	Je s nimi fakt zábava.
1645244	Il cinquantadue per cento dei britannici dà la priorità alla cioccolata rispetto al sesso.	1131714	Padesát dva procent Britek dává přednost čokoládě před sexem.
1645248	Stai attento a quello che dici!	458793	Dávej si pozor, co říkáš!
1645253	Parla inglese in modo veramente orribile.	1606577	Mluví anglicky hrozně špatně.
1645254	Sono felice come una pulce.	1324609	Jsem šťastný jako blecha.
1645256	Jane forse gioca a tennis con mio fratello.	1606467	Jane asi hraje tenis s mým bratrem.
1645811	Tom fece venti flessioni.	2268205	Tom udělal dvacet kliků.
1645849	Nulla è più forte di una promessa d'amore.	2219002	Nic není silnější než slib lásky.
1646005	Noi dobbiamo indagare sugli abusi sociali.	2207014	Musíme vyšetřit ta zneužití.
1653901	Guarda il bicchiere mezzo pieno invece di quello mezzo vuoto.	2268315	Vidí sklenici z poloviny plnou místo té poloprázdné.
1656483	L'espansione coloniale è molto forte in questo periodo.	2219098	Kolonizační expanze je v tomto období velmi silná.
1657741	Tom ha prestato il libro di cucina giapponese a Mary.	1657742	Tom půjčil Mary japonskou kuchařku.
1657796	L'avvelenamento da cadmio è una causa molto comune di morte nel sud.	1657792	Otrava kadmiem je na jihu velmi častou příčinou smrti.
1657820	Il cadmio si trova nei minerali dello zinco e trova largo impiego nelle pile ricaricabili.	1657823	Kadmium doprovází zinek v jeho minerálech a nachází široké uplatnění v dobíjecích bateriích.
1662148	Molte aree che hanno sofferto per la carestia nel passato si sono protette attraverso lo sviluppo tecnologico e sociale.	1662151	Spousta oblastí, které trpěly v minulosti hladomorem, se chránily prostřednictvím technologického a společenského vývoje.
1663085	Tom sta facendo delle fotografie.	2207967	Tom dělá nějaké fotky.
1663714	Ho paura che tutto questo aumenti.	1663719	Mám strach, že tohle všechno vzroste.
1663722	È normale che il corpo reagisca in questo modo.	1663733	Je běžné, že tělo reaguje tímto způsobem.
1675182	Mi puoi fare un favore?	2206988	Můžeš mi udělat laskavost?
1689771	Odio soprattutto la matematica.	2206982	Nesnáším především matematiku.
1689859	Non dovresti bere l'acqua stagnante.	2196539	Neměl bys pít stojatou vodu.
1690309	Gli anziani hanno difficoltà nel capire la tecnologia moderna.	2196257	Staří lidé mají potíže s porozuměním moderním vymoženostem.
1691923	Il confine tra i miei sentimenti è così sottile che non riesco più a ragionare.	1691924	Hranice mezi mými city je tak tenká, že nejsem schopen rozumově uvažovat.
1701423	La scatola è di legno.	551329	Krabice je ze dřeva.
1710091	Ti aspettiamo tutti a braccia aperte.	2207952	Očekáváme tě všichni s otevřenou náručí.
1710183	Ho paura di quello che potrò vedere.	2218998	Mám strach z toho, co bych mohl spatřit.
1723413	Sembra che Jeff sappia chi è lei.	2206986	Zdá se, že Jeff ví, kdo je ona.
1752021	Un matrimonio non è legale finché non vengono fatte certe dichiarazioni.	2219043	Sňatek není právoplatný, pokud nebyla učiněna jistá prohlášení.
1754684	Noi europei portiamo con noi il bagaglio di amare esperienze del passato.	2196252	My Evropané s sebou nosíme milostné zážitky z minulosti v zavazadle.
1760387	Il pane integrale è buono.	2196525	Celozrnný chléb je výborný.
1763560	Il mio viaggio in Australia è ufficialmente prenotato.	2196524	Moje cesta do Austrálie je oficiálně zarezervována.
1802947	Non posso litigare con mia sorella perché è molto buona.	2196505	Nemohu soupeřit se svojí sestrou, protože je velmi hezká.
1826754	“L’economia allarga l’Atlantico”, titola La Stampa dopo le controverse dichiarazioni di Barack Obama, secondo cui le magre prospettive di crescita negli Stati Uniti sono dovute alla cattiva gestione della crisi dell’eurozona.	1826765	„Ekonomika od sebe vzdaluje oba břehy Atlantiku“ — tak shrnuje deník La Stampa důsledky nedávných prohlášení Baracka Obamy, podle kterého jsou špatné vyhlídky na hospodářský růst ve Spojených státech zaviněny špatným řízením krize v eurozóně.
1832734	Lui non è giovane.	2196526	On není mladý.
1838500	Il futuro ha molti nomi.	1838497	Budoucnost má hodně jmen.
1844157	Il primo ingrediente di qualsiasi relazione sana è amare la propria solitudine.	2206984	První přísadou jakéhokoli zdravého vztahu je milovat vlastní samotu.
1851481	Sarebbe meglio se non ti frequentassi con uomini del genere.	2196221	Bylo by lepší, kdyby ses nestýkala s lidmi tohoto druhu.
1869368	Avete assolutamente ragione.	2219082	Máte naprostou pravdu.
1869375	Riesci a farlo, vero?	2196528	Dokážeš to provést, že ano?
1922735	Questo è pesante come il piombo.	2207007	Tohle je těžké jako olovo.
1953685	Tu sei sposato?	2268331	Jsi ženatý?
1972104	Siamo sempre all'avanguardia!	2196273	Jsme vždy v předvoji!
1979657	È sufficientemente ricco per comprare quell'automobile.	2268209	Je dostatečně bohatý, aby si koupil ten automobil.
1980090	Non gli scrive da molto tempo.	2196244	Dlouhou dobu jim nenapsal.
2010351	Lui è un nuotatore molto veloce.	2268193	On je velmi rychlý plavec.
2020018	Vai ad aspettare in macchina.	2207024	Běž čekat do auta.
2023071	Io so che questo è difficile.	2206866	Vím, že je tohle složité.
2034955	Io sono qui per aiutarti.	2219074	Jsem zde, abych ti pomohl.
2036505	Siamo andate ieri a Sydney.	2206861	Přijely jsme včera do Sydney.
2045562	Ieri ho incontrato Mary per strada.	2196617	Včera jsem potkal na ulici Mary.
2055837	Si è sposata con un signor nessuno.	2196210	Provdala se za „nulu“.
2068209	Dobbiamo fermare questa pericolosa pestilenza.	2207011	Musíme zastavit tenhle nebezpečný mor.
2076052	Adesso le gonne lunghe non vanno più di moda.	2219006	Teď již dlouhé sukně nejsou v módě.
2078806	Mi sono dimenticato il suo nome.	1800503	Zapomněl jsem jeho jméno.
2082456	Sei stata alzata tutta la notte?	2219066	Byla jsi vzhůru celou noc?
2132830	Devi rispondere alla domanda.	2206857	Musíš zodpovědět otázku.
2136316	Domani andrò a Shanghai.	2219013	Zítra jedu do Šanghaje.
2137568	Io preferirei assumere solo persone che traducono nella loro madrelingua.	2196500	Dával bych přednost najímání pouze lidí, překládajících do svého rodného jazyka.
2140357	Non parlate così impudentemente.	3507645	Nemluvte tak nestoudně.
2151454	Tutti i sistemi di scrittura hanno vantaggi e svantaggi.	2151478	Všechny psací systémy mají své výhody a nevýhody.
2152280	A Belfast c'è una strada che si chiama Madrid e si interrompe all’improvviso davanti al muro di Berlino. La parete consiste in una parte di mattoni più una di ferro e un’altra di acciaio. Misura più di sette metri in altezza ed è decorata con spuntoni e filo spinato.	2152279	V Belfastu je ulice jménem Madridská, která se náhle končí Berlínskou zdí. Místy ji tvoří cihly, jinde železo a ocel. Do výšky měří více než 7 metrů a zakončují ji bodáky a ostnatý drát.
2155607	Nevica a Parigi.	2155657	Sněží v Paříži.
2156904	Toglimi le mani di dosso.	2207012	Sundej ze mne ruce.
2169435	Pensa che lui sia morto?	2207950	Myslíš, že je mrtvý?
2175439	Lui ha una casa grande e due auto.	2206859	On má velký dům a dvě auta.
2190694	Tom sta pitturando.	2207997	Tom maluje.
2191400	Si assomigliano.	2207947	Podobají se.
2196197	Commissionata dall'imperatore Giuseppe II, l'opera Don Giovanni non andò tuttavia in scena per la prima volta a Vienna, bensì al Teatro degli Stati di Praga.	2196198	Z pověření císaře Josefa II. nebyla opera Don Giovanni poprvé uváděna ve Vídni, nýbrž ve Stavovském divadle v Praze.
2196541	Per considerarsi un po' migliori, non si deve diventare vegani. Basta comprarsi un iPhone.	2196559	K tomu, abychom si připadali trochu lépe, není nutné, stát se veganem. Stačí si koupit iPhone.
2196571	Il piombo è un metallo tenero, denso, duttile e malleabile.	2196572	Olovo je měkký, hustý, kujný a snadno tavitelný kov.
2196575	Attraversare il mio quartiere in bici è un'esperienza unica.	2196579	Přejet moji čtvrť na kole je jedinečný zážitek.
2196622	Volevano un lavoro statale.	2196630	Chtěli státní zaměstnání.
2206825	Non disse una singola parola.	2207008	Neřekl jediné slovo.
2207026	In natura il palladio è presente in sei isotopi stabili.	2207025	V přírodě se palladium nalézá v šesti stabilních izotopech.
2207895	Non importa se lui è d'accordo o no.	2207921	Není podstatné, jestli on souhlasí, nebo ne.
2309362	Cari fratelli e sorelle!	2309399	Drazí bratři a sestry!
2535610	Questo è uno stallone o una cavalla?	2594226	Je to hřebec, nebo klisna?
2535611	Questo è uno stallone o una giumenta?	2594226	Je to hřebec, nebo klisna?
2553488	Ho bisogno di una macchina.	3507646	Potřebuji auto.
2723770	Roma non fu costruita in un giorno.	1138595	Řím nebyl postaven za den.
2769455	Mio padre mi ha portato al cinema ieri sera.	3550890	Můj otec mě včera večer vzal do kina.
2769456	Mio padre mi ha portata al cinema ieri sera.	3550890	Můj otec mě včera večer vzal do kina.
2788490	Non lo sapremo mai.	2788496	To se nedozvíš.
2831833	Prenda l'ascensore fino al quinto piano.	3507631	Jeď výtahem do pátého patra.
2895780	Mi piacciono gli sport.	3577329	Mám rád sport.
2901269	Grazie per la spiegazione! Essa aiuta a comprendere correttamente la frase.	2901259	Děkuji za vysvětlení! Pomůže větu správně pochopit.
3125689	Alcune persone si sottopongono a fatiche terribili allo scopo di mantenersi in forma.	3346307	Někteří lidé se podrobují děsivým fyzickým zátěžím za účelem zůstat v kondici.
3133489	Dozzine di macchine erano parcheggiate nel parcheggio.	3507654	Tucty aut byly zaparkovány na parkovišti.
3267100	Io ho paura dei ragni.	1619401	Bojím se pavouků.
3378771	Bevi del tè?	3675970	Piješ čaj?
3574257	Ho un figlio.	3574517	Mám jednoho syna.
3574258	Io ho un figlio.	3574517	Mám jednoho syna.
3589966	A che ora ti alzi?	3457561	V kolik vstáváš?
4497	La vita è bella!	2077128	Život je krásný!
3696537	Io sono povero.	1065115	Jsem chudý.
380469	Buon Natale!	1802299	Veselé vánoce!
2858234	Il dolore era terribile.	354541	Bolest byla strašná.
376172	Dove sei?	1317945	Kde jsi?
617002	Sono alta come mio padre.	458976	Jsem stejně velký jako můj otec.
839272	Mio padre è all'ospedale ora.	3068367	Můj otec je teď v nemocnici.
2181335	Tu sei un cantante.	2465991	Jste zpěvák.
1549831	Mary non sa nulla di cucito o lavoro a maglia.	3787790	Marie nerozumí šití ani pletení.
3317612	Il miele mi piace.	3577521	Mám rád med.
378681	Sto scrivendo una lettera.	3844385	Píšu dopis.
1865739	Io sto scrivendo una lettera.	3844385	Píšu dopis.
378682	Scrivo una lettera.	3844385	Píšu dopis.
2006849	Nevicò.	3844397	Sněžilo.
3099948	Nevicava.	3844397	Sněžilo.
3099948	Nevicava.	3844401	Padal sníh.
3638512	Nevicherà.	3844402	Bude sněžit.
380929	Oggi nevica.	3844405	Dnes sněží.
382828	Domani nevicherà.	3844407	Zítra bude sněžit.
426489	Nevicherà domani.	3844407	Zítra bude sněžit.
634294	Nevicherà stanotte?	3844413	Bude dnes večer sněžit?
976102	Nevica lì.	3844414	Tam sněží.
1535340	Ha nevicato.	3844397	Sněžilo.
1385272	Nevicò molto.	3844420	Hodně sněžilo.
1544961	Guarda, nevica!	3844422	Podívej, sněží!
2738108	Forse nevicherà.	3844424	Možná bude sněžit.
2913529	Nevica fuori.	3844426	Venku sněží.
3411423	Nevica ancora.	3844428	Pořád ještě sněží.
3849962	È morto dieci anni fa.	1802078	Zemřel před deseti lety.
2062329	Tallinn è la capitale dell'Estonia.	3547309	Tallinn je hlavní město Estonska.
3863883	Mangio formaggio.	3813573	Jím sýr.
2800856	Quanti dipendenti hai?	3867515	Kolik máš zaměstnanců?
2678054	Sa come riordinare la sua stanza.	3867542	Ví, jak si uklidit svůj pokoj.
1108860	Questo stagno è pieno di pesciolini.	3867566	Tenhle rybník je plný rybek.
440412	Dobbiamo innaffiare il fiore.	3867569	Musíme pomokřit květinu.
876799	Pensa che mi stia bene addosso?	3867580	Myslíte, že mi to padne?
883454	Questo è l'ultimo gioco.	3867581	Tohle je poslední hra.
883452	Se ne pentirà prima o poi.	3867585	Bude toho dříve či později litovat.
880380	L'ingresso alla biblioteca è libero.	3867587	Vstup do knihovny je zdarma.
883450	Non riusciva più a reggere il dolore.	3867593	Nedokázal už více snášet bolest.
1289810	Non mi accade spesso di pentirmi.	3867617	Nestává se mi často, abych se litoval.
3867616	Di chi sono questi giocattoli?	3867624	Čí jsou tyto hračky?
2977080	Ci sono molti gatti neri nascosti sotto al letto.	3867628	Pod postelí je schována spousta černých koček.
1980105	Io sono gay.	3867632	Jsem teplouš.
1700659	Hai veramente bisogno di uno psichiatra.	3513436	Opravdu potřebuješ psychiatra.
706354	Il negozio rimane aperto tutto il giorno.	3455678	Obchod zůstává otevřen celý den.
2814226	A Tom piace il formaggio.	3577227	Tom má rád sýr.
3481473	Dobbiamo rispettare il contratto fino alla fine dell'anno.	3928445	Musíme splnit smlouvu do konce roku.
3481477	Le bibite sono gratuite?	3928455	Jsou nápoje zdarma?
3481479	Ora Tom è occupato e non ti può aiutare.	3928461	Tom zrovna nemá čas a nemůže ti pomoct.
3481484	Quell'abito rosso le sta bene.	3928470	Ty červené šaty na ni vypadají dobře.
3481485	Molti dei miei amici sanno parlare francese.	3928473	Mnoho mých přátel umí mluvit francouzsky.
3481496	Hai lasciato la porta aperta?	3928483	Nechal si dveře otevřené?
2674234	È un bravo dottore.	3961954	Je dobrý lékař.
3291725	Lei ha attaccato il nemico.	3962093	Zaútočila na nepřítele.
3899066	Loro erano pronti.	3963463	Byli připravení.
3151762	Io odio la mia vita.	3963515	Nenávidím vlastní život.
3151762	Io odio la mia vita.	3963516	Nenávidím svůj život.
2006925	Spediscimelo.	3963517	Pošli mi to.
2006925	Spediscimelo.	3963518	Pošlete mi to.
2929109	Siete orribili.	3963880	Jsi příšerný.
2582474	Io le ho detto la verità.	3963922	Řekl jsem ti pravdu.
2762216	Non voglio il denaro.	3964117	Nechci peníze.
2618319	Io sto dai miei genitori.	3993151	Jsem u rodičů.
1255753	L'ha ucciso.	4002477	Zabil ho.
1409334	L'ha finito?	4002480	Skončil jsi to?
1115453	Se ne vada!	4002642	Odejdi!
1115453	Se ne vada!	1133160	Vypadni!
1115453	Se ne vada!	4002644	Jdi pryč!
801730	Il gatto dorme sul tavolo.	2659024	Kočka spí na stole.
730458	Sai guidare una macchina?	4079559	Umíš řídit?
730459	Sai guidare un'auto?	4079559	Umíš řídit?
730460	Sai guidare un'automobile?	4079559	Umíš řídit?
1642552	Sai guidare?	4079559	Umíš řídit?
876117	Lui è intelligente.	4100644	Je chytrý.
3548022	Io pensavo che Tom mi odiasse.	4100655	Myslel jsem, že mě Tom nesnáší.
2610402	Tom non ha risposto alla domanda di Mary.	1796577	Tom neodpověděl na Maryinu otázku.
1574708	Non farebbe male a una mosca.	4163829	Neublížil by mouše.
1574708	Non farebbe male a una mosca.	4163830	Neublížila by mouše.
2214909	Farebbe meglio ad andare a casa.	4163832	Raději bys měl jít domů.
2554601	Farebbe meglio ad andare di persona.	4163834	Měl bys jít raději osobně.
1894945	La mia opinione è leggermente diversa dalla tua.	4190513	Můj názor se od toho tvého trošku liší.
2265291	A Hong Kong, l'inglese è una seconda lingua.	4190521	V Hongkongu je angličtina druhým jazykem.
2983528	Io ho visto un uomo vestito come un ninja.	4190553	Viděl jsem člověka oblečeného jako nindža.
1577680	Io non sono un medico.	2634798	Nejsem lékař.
3865588	Vestiti.	1854026	Obleč se!
382056	Grazie!	1065446	Děkuji.
4219962	Tom ha già finito?	4219980	Tomáš už to skončil ?
4219951	State nascondendo qualcosa.	4219988	Vy něco schovávate.
927064	Vorrei essere un chitarrista.	4220002	Chci být kytarista.
4236002	OK, Tom, la capisco!	4236006	Dobře, Tome, rozumím!
4236002	OK, Tom, la capisco!	4236008	Fajn, Tome, to chápu!
4236844	Io facevo i letti.	4236851	Ustlal jsem postele.
4249626	Sto cercando Andy. Sai dov'è?	4100648	Sháním Andyho. Nevíš, kde je?
3302314	Da quanto tempo è in Cecoslovacchia, signor Reindl?	871517	Jak dlouho jste v Československu, pane Reindle?
4159182	Quattro meno quattro fa zero.	4159508	Čtyři mínus čtyři je nula.
1576722	Vende auto.	4266267	Prodává auta.
4261305	Sei una pettegola.	4266278	Jsi drbna.
1852981	Un momento!	4266518	Vteřinku!
2008770	Ho venticinque anni.	2836611	Je mi pětadvacet let.
2458910	Ho 25 anni.	2836611	Je mi pětadvacet let.
2458911	Io ho 25 anni.	2836611	Je mi pětadvacet let.
2458912	Io ho venticinque anni.	2836611	Je mi pětadvacet let.
3264952	A Tom servono delle scarpe nuove.	4270809	Tom potřebuje nové boty.
3264953	Tom ha bisogno di scarpe nuove.	4270809	Tom potřebuje nové boty.
2393201	Ero piena di energia.	4278358	Byla jsem plná energie.
1405174	Sono ungherese.	4278638	Jsem Maďarka.
1405175	Io sono ungherese.	4278638	Jsem Maďarka.
2552899	Uno per tutti e tutti per uno.	3238796	Jeden za všechny, všichni za jednoho.
529198	Uno per tutti, tutti per uno.	3238796	Jeden za všechny, všichni za jednoho.
3548095	Vienna è la capitale dell'Austria.	3547369	Vídeň je hlavní město Rakouska.
3465908	Io voglio andare all'estero, per esempio in Italia e in Spagna.	4305845	Chci jet do zahraničí, třeba do Itálie a do Španělska.
1260328	A me piace lavorare.	3577468	Mám rád práci.
1260328	A me piace lavorare.	3577469	Rád pracuji.
1446016	A me piace correre.	3577341	Rád běhám.
1446016	A me piace correre.	3577342	Mám rád běh.
2132878	A me piace nuotare.	3577258	Mám rád plavání.
2132878	A me piace nuotare.	3577261	Rád plavu.
4327103	È la mia scuola.	1700653	To je moje škole.
1687118	Nessuno lo sa.	1703665	Nikdo to neví.
2384596	I suoi genitori erano insegnanti.	2621310	Jeho rodiče byli učitelé.
2345960	Il libro è sul tavolo.	2352531	Kniha je na stole.
1053413	Queste non sono le mie chiavi.	4289702	To nejsou moje klíče.
1215042	Queste chiavi non sono le mie.	4289702	To nejsou moje klíče.
2719062	Ho dimenticato la mia password.	3075833	Zapomněl jsem své heslo.
2719063	Io ho dimenticato la mia password.	3075833	Zapomněl jsem své heslo.
745295	Buona notte!	385247	Dobrou noc.
2741211	Dov'è la biblioteca?	4391801	Kde je knihovna?
772640	Buona notte, Timmy.	2271623	Dobrou noc, Timmy.
2762844	Non crederai a quello che ho sentito.	3044229	Nebudeš věřit, co jsem se doslechl.
2800861	Non mi piace lavorare.	4412507	Nelíbí se mi pracovat.
374040	Domani è il mio compleanno.	4412575	Zítra mám narozeniny.
1021959	Lavora in una banca.	4278811	Pracuje v bance.
2605104	I compleanni sono importanti.	2605100	Narozeniny jsou důležité.
985105	Oggi è il mio compleanno.	3971596	Dneska mám narozeniny.
3073592	Quand'è il suo compleanno?	4412574	Kdy má narozeniny?
3636577	È oggi il suo compleanno?	4412589	Má dnes narozeniny?
3408335	Cosa significa questo?	1823882	Co to znamená?
1022590	Che cosa significa questo?	1823882	Co to znamená?
2286954	Dov'è il dottore?	4424293	Kde je lékař?
376606	Non so.	338219	Já nevím.
376606	Non so.	354580	Nevím.
4426419	Sono brutta.	4427007	Jsem ošklivá.
3859538	"Pioverà?" "Spero di no."	4446260	„Bude pršet?“ — „Doufám, že ne.“
2586368	Hai ricevuto la sua lettera?	4448813	Dostal jsi její dopis?
1891457	Che tipo di pesce è quello?	4448974	Jaký druh ryby je to?
3172472	Crasso era un triumviro.	4453767	Crassus byl triumvir.
836570	Aspetterò fino alle quattro.	2352523	Budu čekat do čtyř hodin.
4470405	Jacob gioca a polo.	4470582	Jakub hraje pólo.
509773	Sì.	4473685	Ano.
1194875	Il gatto ha due orecchie.	4480584	Kočka má dvě uši.
2505545	Un gatto ha due orecchie.	4480584	Kočka má dvě uši.
2721034	Qual è la tua marca preferita di yogurt?	4483419	Jaká je tvoje oblíbená značka jogurtu?
3057034	So tutto quel che devo sapere.	3498222	Vím vše, co potřebuji vědět.
3537902	Abito qui da solo.	3963923	Žiji tu sám.
3537903	Io abito qui da solo.	3963923	Žiji tu sám.
713955	Conosco il suo nome.	3587076	Znám jeho jméno.
1649816	Io abito in una città.	1756576	Bydlím ve městě.
1816648	Io ho 18 anni.	1056360	Je mi 18 let.
374689	Ho diciotto anni.	1056360	Je mi 18 let.
1066477	Ho 18 anni.	1056360	Je mi 18 let.
1816653	Io ho diciotto anni.	1056360	Je mi 18 let.
2975132	Come si chiama tuo padre?	3587179	Jak se jmenuje tvůj táta?
2227882	Non parlo bene l'inglese, sebbene l'abbia studiato per sei anni a scuola.	4556406	Nemluvím anglicky dobře, ačkoliv jsem se angličtinu učil šest let ve škole.
1979700	A me piace la cioccolata.	3577243	Mám ráda čokoládu.
379727	Mi piace la cioccolata.	3577243	Mám ráda čokoládu.
3353464	Non ho figli.	3542442	Děti nemám.
3353466	Io non ho figli.	3542442	Děti nemám.
414475	Devo cercare la mia penna.	4424504	Musím najít moji propisku.
967950	Apri gli occhi.	1138581	Otevři oči.
4600967	Ogni giorno le ho scritto una lettera.	4599966	Každý den jsem jí napsal dopis.
4600988	Hai una grande memoria!	4227741	Máš skvělou paměť!
4207633	Gli ho chiesto di aprire la finestra.	4599969	Poprosil jsem ho, aby otevřel okno.
1121130	Tom conosce bene Boston.	4599964	Tom zná Boston dobře.
4600992	Ha scritto un libro su un uccello.	4599958	Napsala knihu o ptákovi.
2703690	Non parlo inglese.	4556399	Nemluvím anglicky.
4601231	Questi difficili problemi devi affrontare.	4546283	Tyto těžké problémy musíš zvládnout.
4601232	L'albero è sano.	4541482	Strom je zdravý.
4601236	La stanza era scura e fredda.	4541480	Pokoj byl tmavý a studený.
4601237	La stanza è scura.	4541479	Pokoj byl tmavý.
4601241	Non sono ne primo, ne ultimo.	4539827	Nejsme první ani poslední.
4601251	Non lo so cosa farò domani.	4539824	Nevím, co budu zítra dělat.
664374	Ho fatto quello che potevo.	4539818	Udělal jsem, co jsem mohl.
4601283	Ora cosa devo fare?	4539806	Co teď mám dělat?
4601292	Posso andare al lavoro?	4539804	Mohu jít do práce?
4615713	Il computer è sul tavolo.	4615788	Počítač je na stole.
4115381	Penso di aver visto un elfo nella foresta.	4615783	Myslím, že jsem v lese zahlédl elfa.
3857601	Questo sarà doloroso.	2466021	To bude bolestivé.
4272743	Sono nato il 18 marzo 1994.	4273807	Narodil jsem se 18tého března 1994.
384508	Se hai bisogno di un dizionario, ti presto il mio vecchio.	3512848	Jestli potřebuješ slovník, půjčím ti můj starý.
425876	Quel cappello ti sta bene.	4645490	Tenhle klobouk ti sekne.
425876	Quel cappello ti sta bene.	4645491	Tento klobouk ti sluší.
4699463	Lui ha rubato il suo orologio.	4697599	On ukradl její hodinky.
617394	Qualcuno mi ha rubato il portafoglio.	4697590	Někdo mi ukradl peněženku.
4699468	Qualcuno ha rubato il mio passaporto.	4697589	Někdo ukradl můj pas.
4699471	Non posso vivere da sola.	4683880	Nemohu žít sama.
4699477	Devo ricordare.	4675845	To si musím pamatovat.
4699483	Per favore, mi dici perché sei qui?	4645516	Mohl bys mi prosím říct, proč tu jsi?
4699488	Questa parola non si traduce bene.	4645514	Tohle slovo se nepřekládá zrovna dobře.
1167056	Non posso vivere senza di voi.	4683882	Nemohu bez vás žít.
441368	Non posso vivere senza di te.	4683877	Nemohu bez tebe žít.
3283186	Il cane mi morse la mano.	4700394	Pes mě kousnul do ruky.
3283186	Il cane mi morse la mano.	4700395	Pes mi pokousal ruku.
4703330	Io ascolto raramente la radio.	4703353	Rádio poslouchám zřídka.
4703356	Gli zoo sono come delle prigioni per gli animali.	4703369	Zoologické zahrady jsou jako vězení pro zvířata.
4703371	In realtà è un buon punto.	4703381	To je skutečně dobrý názor.
524858	Xavier è un giovane studente di economia all'università di Parigi.	4703384	Xavier je mladý student ekonomie na pařížské univerzitě.
1344601	Hai mai cantato in pubblico?	4703392	Zpívali jste už někdy na veřejnosti?
4703421	Tom pagò il conto.	3971743	Tom zaplatil účet.
4142801	Puoi lasciarmi da solo?	4703493	Můžeš mě nechat o samotě?
910571	Oggi il vento è freddo.	4704036	Dnes je studený vítr.
4185435	Mi piace molto Tom.	4706836	Moc se mi líbí Tom.
4478568	Io ho qualche suggerimento.	4706840	Mám pár návrhů.
4478567	Ho qualche suggerimento.	4706840	Mám pár návrhů.
3963090	Tom vuole parlare con te.	4706844	Tom s tebou chce mluvit.
2853147	Non voglio.	4706848	Nechci.
2853148	Io non voglio.	4706850	Já nechci.
399841	Ha un cane e sei gatti.	4706855	Má psa a šest koček.
876763	Lei ha un cane e sei gatti.	4706855	Má psa a šest koček.
3809559	Marie ha sognato Tom.	4714235	Marie snila o Tomovi.
1692953	Quello è mio. Non so dove sia il suo.	4719415	Tohle je moje. Nevím, kde je tvoje.
2190426	Tom sta dormendo.	3856280	Tom spí.
2515923	L'America ha bisogno di voi.	4736702	Amerika vás potřebuje.
4736631	Non so se lui sia più vecchio o più giovane di me.	4736706	Nevím, jestli je starší nebo mladší než já.
4736635	Affronto la vita giorno per giorno.	4736710	Peru se s životem den za dnem.
4736622	Sono furioso perché lui è arrivato in ritardo.	4736720	Jsem naštvaný, jelikož přijel pozdě.
4736563	Tom e Mary stavano entrambi indossando dei cappotti invernali pesanti.	4736728	Tom i Mary nosívali těžké zimní kabáty.
425857	I raggi ultravioletti possono causare il cancro alla pelle.	4736735	Ultrafialové paprsky mohou způsobit rakovinu kůže.
425858	Un cappotto di cattiva qualità indica un uomo di cattiva qualità.	4736740	Kabát špatné kvality poukazuje na špatného člověka.
4525883	Io amo la birra fredda.	4736745	Já miluji studené pivo.
3576052	Manda tu.	4736746	Pošli to ty.
3534946	Perché siete così impegnati oggi?	4736747	Proč jste dnes tak zaneprázdnění?
3340991	Posso offrirti una pasta o preferisci un gelato?	4736749	Můžu ti nabídnout těstoviny, nebo dáš přednost zmrzlině?
3256433	Un bicchiere di vino, una birra, un succo d'arancia e un caffèlatte.	4736753	Sklenku vína, pivo, pomerančovou šťávu a latte.
2719484	Tom avrebbe dovuto dire di no.	4736762	Tom by býval musel říct ne.
2455923	So parlare soltanto l'inglese.	4736766	Umím mluvit pouze anglicky.
1614377	Tom è un eroe.	2466056	Tom je hrdina.
4759521	Dov'è l'albero?	4539821	Kde je strom?
4761749	Lo Stato sono io!	4761832	Stát jsem já!
2528232	Io ho l'asso di picche.	4761835	Mám pikové eso.
376551	Ho scritto una lettera.	4700485	Napsal jsem dopis.
4782212	Io amo il pollo.	4829449	Miluji kuře.
4260629	Potete farmi una copia?	4829451	Můžete mi udělat jednu kopii?
3386561	Scusatelo.	4829452	Promiňte mu.
377644	Ci piace nuotare nell'oceano.	4829462	Líbí se nám plavat v oceánu.
4420292	Sei soddisfatto del tuo lavoro?	2193400	Jsi spokojený se svou prací?
2729989	Vado all'ospedale oggi.	3856264	Dnes jdu do nemocnice.
3569736	L'incendio ha distrutto tre case.	4898652	Požár zničil tři domy.
3569737	L'incendio distrusse tre case.	4898652	Požár zničil tři domy.
2897319	È vuoto.	4902458	Je to prázdné.
1539975	Eccomi.	4902460	Tady jsem.
2797703	Non fa niente!	4902461	To nevadí.
376173	È già qua.	4902463	On už je tady.
610557	Hai già votato?	4902464	Už jsi volil?
738133	Come già sai.	4902465	Jak už víš.
2001705	Amo questo impiego.	4926187	Miluji tuto práci.
2800853	Quanti impiegati hai?	3867515	Kolik máš zaměstnanců?
2800855	Quanti impiegati avete?	4926190	Kolik máte zaměstnanců?
4203633	Trovò un impiego.	4926192	Našel si práci.
387008	Lui cerca un impiego.	4926194	Hledá práci.
947469	Perse il suo impiego.	4926195	Ztratil práci.
1568322	Ti ammiro.	4926196	Obdivuji tě.
806723	Sii te stesso!	4926204	Buď svůj!
624887	Sono una nuova studentessa.	4974413	Jsem nová studentka.
3101140	L'Italia non è la Grecia.	4995670	Itálie není Řecko.
4064493	L'acqua era fredda.	3899951	Voda byla studená.
715187	Dove bruciano libri, bruceranno anche le persone.	5284099	Tam kde se pálí knihy, posléze se upalují lidé.
5291740	Là dove si bruciano i libri si finisce per bruciare anche gli uomini.	5284099	Tam kde se pálí knihy, posléze se upalují lidé.
1843341	Il suo sogno si è avverato.	2467733	Jeho sen se vyplnil.
1032141	La tua amicizia è molto importante per me.	5359599	Tvoje přátelství je pro mě hodně důležité.
4278067	Ho bevuto il vino.	4785716	Pil jsem víno.
1561370	Sono qua.	5400977	Já jsem tady.
2805599	Io sono qui.	5400977	Já jsem tady.
3745182	Io sono qua.	5400977	Já jsem tady.
1561372	Sono qui.	5400977	Já jsem tady.
1544102	La sua casa è in vendita.	458523	Jeho dům je na prodej.
3966972	La macchina è gialla.	5422215	Automobil je žlutý.
3966973	L'auto è gialla.	5422215	Automobil je žlutý.
3966974	L'automobile è gialla.	5422215	Automobil je žlutý.
3966972	La macchina è gialla.	5422213	Auto je žluté.
3966973	L'auto è gialla.	5422213	Auto je žluté.
3966974	L'automobile è gialla.	5422213	Auto je žluté.
3518109	Il gatto dormì sul tavolo.	5383506	Kočka spala na stole.
955490	Il gatto ha dormito sul tavolo.	5383506	Kočka spala na stole.
749974	Sono disoccupato.	4505321	Jsem nezaměstnaný.
3430647	Io sono disoccupato.	4505321	Jsem nezaměstnaný.
2697482	Il paziente non aveva la febbre.	4257319	Pacient neměl horečku.
2697483	La paziente non aveva la febbre.	4257319	Pacient neměl horečku.
2731135	Sei Tom?	4227303	Jsi Tom?
1037960	Io sono stanco.	3704171	Jsem unavený.
4961442	Non parlo l'ungherese.	4278644	Nemluvím maďarsky.
4961443	Io non parlo l'ungherese.	4278644	Nemluvím maďarsky.
2708272	Non sono bravo negli sport.	3226072	Ve sportu nejsem dobrá.
5451231	Non siamo milionari.	5623152	Nejsme milionáři.
622290	Dieci, venti, trenta, quaranta, cinquanta, sessanta, settanta, ottanta, novanta, cento.	3487907	Deset, dvacet, třicet, čtyřicet, padesát, šedesát, sedmdesát, osmdesát, devadesát, sto.
3752635	Non sono pigro.	5768078	Nejsem líný.
3752636	Non sono pigra.	5768079	Nejsem líná.
361901	Che cosa leggi?	2090933	Co čteš?
2941559	Cosa leggi?	2090933	Co čteš?
2105106	A me piace dormire bocconi.	4423931	Líbí se mi spát na břiše.
1167357	Oggi ha fatto molto caldo.	4273707	Dnes bylo velmi horko.
373645	Pioverà oggi?	6102114	Bude dnes pršet?
5949298	Io fumo.	5951222	Kouřím.
2559604	Permetterò ciò.	6141212	Já to povolím.
1238695	Il sole è rosso.	4437657	Slunce je červené.
4961283	Io ho bisogno di aiuto.	3513180	Potřebuji pomoc.
999999	La stupidità non è un handicap!	6143432	Hloupost není postižení.
6174147	Questo luogo non mi piace.	6174150	Nelíbí se mi toto místo.
5455881	Lui ha un cane.	3983526	Má psa.
1605494	È inglese.	5237434	Ona je Angličanka.
6444248	Tutti noi volevamo sapere perché Tom non fosse potuto venire.	4898644	Všichni jsme chtěli vědět, proč Tom nemůže přijít.
1696908	I bambini e gli ubriachi non mentono.	3005992	Děti a opilci nelžou.
6763571	Viviamo in una bella città.	6716958	Žijeme v krásném městě.
2848723	È un giornalista freelance.	6794297	Je novinář na volné noze.
6816285	Stiamo contando sul vostro aiuto.	6816292	Počítali jsme s tvojí pomocí.
6816285	Stiamo contando sul vostro aiuto.	6816293	Počítali jsme s vaší pomocí.
1824536	Ecco perché gli studenti ti amano.	4025467	Právě proto tě studenti mají rádi.
4953783	Non dimenticheremo.	6827897	My nezapomeneme.
2784698	La zuppa non sa di niente.	6874707	Ta polévka nemá žádnou chuť.
3538175	Questo curry è troppo piccante.	6880120	To kari je moc horké.
375684	Aveva molta sete e chiese un po' d'acqua.	3474360	Měl velkou žízeň a požádal o trochu vody.
4806086	Per favore, traduci questo.	6889202	Přeložte to, prosím.
4806084	Per piacere, traduci questo.	6889202	Přeložte to, prosím.
3209870	Traduci questo testo.	6889201	Přeložte ten text.
2477457	Non mi piace perdere.	6890071	Nerad prohrávám.
5293583	Tom è vivo?	6895711	Je Tom naživu?
6903919	Quanto mi pagheresti?	6903921	Kolik bys mi zaplatil?
6903919	Quanto mi pagheresti?	6903922	Kolik bys mi zaplatila?
997294	Ho comprato un cactus.	2206901	Koupil jsem kaktus.
5980593	Lui ha bisogno dell'ombrello.	3512880	Potřebuje deštník.
5731320	Avrei dovuto dirglielo prima.	6934170	Měl jsem mu říct dříve.
5731321	Glielo avrei dovuto dire prima.	6934170	Měl jsem mu říct dříve.
1631593	La polizia ha trovato un cadavere in un'auto abbandonata vicino al parco.	6899879	Policie našla mrtvé tělo v opuštěném autě blízko parku.
1631594	La polizia trovò un cadavere in un'auto abbandonata vicino al parco.	6899879	Policie našla mrtvé tělo v opuštěném autě blízko parku.
1631595	La polizia ha trovato un cadavere in un'automobile abbandonata vicino al parco.	6899879	Policie našla mrtvé tělo v opuštěném autě blízko parku.
1631596	La polizia trovò un cadavere in un'automobile abbandonata vicino al parco.	6899879	Policie našla mrtvé tělo v opuštěném autě blízko parku.
1631598	La polizia ha trovato un cadavere in una macchina abbandonata vicino al parco.	6899879	Policie našla mrtvé tělo v opuštěném autě blízko parku.
1631600	La polizia trovò un cadavere in una macchina abbandonata vicino al parco.	6899879	Policie našla mrtvé tělo v opuštěném autě blízko parku.
3364085	Lui tornò al suo villaggio natale.	7014030	Vrátil se do své rodné vesnice.
1953171	Fatevi una vita!	7686676	Žij trochu!
1278493	Io sono solo andata là ad aiutare.	7686723	Já tam jen šel pomoci.
2622263	Tom non guida.	7687777	Tom neřídí.
1249294	Qual è la tua vacanza preferita?	7694165	Jaký je tvůj oblíbený svátek?
2738382	Lei mi ha beccato mentre guardavo dei porno.	7698340	Nachytala mě, když jsem sledoval porno.
1948191	Perché lavorate qui?	7698363	Proč tu pracuješ?
1948191	Perché lavorate qui?	7698365	Proč tu pracujete?
3409690	Siete mai state in Francia?	7703286	Už jsi byl ve Francii?
4243220	Siamo arrivate un po' in ritardo.	7706073	Dorazili jsme trochu později.
3092049	D'altro canto, aveva un'opinione diversa.	7706086	On byl na druhou stranu jiného názoru.
7487554	Dice di non avere mai pianto.	7706115	Říká, že nikdy nebrečela.
4644677	Tutte le mie amiche hanno delle bici.	7706146	Všichni mí kamarádi mají kolo.
1269981	Tom comprò questo per me.	7706174	To mi koupil Tom.
1074551	Faccia attenzione a quello che stai facendo!	7706177	Dávej pozor co děláš!
7709089	I beduini vivono nel deserto.	7723509	Beduíni žijí v poušti.
4399	Andata e ritorno? Solo andata.	1975318	Tam a zpátky? Jen tam.
2622382	Tom non ha un fratello.	7823075	Tom nemá bratra.
7775123	A volte, quando sono solo, mi viene da piangere.	2268341	Když jsem sám, tak se mi chce někdy brečet.
3855951	Puoi consigliare un altro albergo?	6816076	Můžeš doporučit další hotel?
3855952	Puoi consigliare un altro hotel?	6816076	Můžeš doporučit další hotel?
5070482	La proprietà è un furto.	5070658	Vlastnictví je krádež.
5019503	Mia figlia ha talento per la musica.	8317568	Moje dcera je hudebně nadaná.
7040409	Dio ha sempre ragione.	8397130	Bůh má vždy pravdu.
380823	Non lavoro.	3963317	Nepracuji.
6571768	Non ho energie.	8410995	Nemám žándou energii.
1169495	Voglio quel telefono.	1665180	Chci tento telefon.
4627947	Dove?	4725897	Kde?
2524509	Mangio.	7816144	Jím.
903583	La sposa è americana di origine polacca.	8465199	Nevěsta je Američanka polského původu.
380446	Che vuoi?	3963507	Co chceš?
4758749	Devo andare. Ciao!	8466704	Musím jít. Na viděnou!
8020878	Perché non lo fai di più?	8467172	Proč už to víc neděláš?
5151448	Questa non è la macchina di Tom.	8523803	To není Tomovo auto.
5151449	Questa non è l'auto di Tom.	8523803	To není Tomovo auto.
5151450	Questa non è l'automobile di Tom.	8523803	To není Tomovo auto.
7622649	Va a costruire fattorie a Cipro?	8537885	Bude stavět farmy na Kypru?
387013	È ora di andare a dormire.	8690668	Je čas jít spát.
8730942	John diede la mela a Mary.	8737850	John dal Mary jablko.
8730940	John ha dato la mela a Mary.	8737850	John dal Mary jablko.
8766800	Tom non aveva un biglietto.	8222188	Tom neměl lístek.
8759222	Donald Trump è un bugiardo patologico.	8761342	Donald Trump je patologický lhář.
9004903	Tom non è un anarchico.	8987154	Tom není anarchista.
9175140	Quello non sono dei pesci.	2206933	Tamto nejsou ryby.
9175156	Quello sono dei pesci.	2206934	Tamto jsou ryby.
9175168	Questo sono dei pesci.	2206935	Tohle jsou ryby.
9175173	Non c'è il pesce.	2206936	Není tam ryba.
9175178	Quello non è un pesce.	2206937	Tamto není ryba.
2816011	Quello è un pesce.	2206940	Tamto je ryba.
3708568	Questo non è un pesce.	2206941	To není ryba.
9177609	Lì c'è un pesce.	2206944	Je tam ryba.
4813695	I cavalli mangiano l'erba.	2206947	Koně jedí trávu.
9177628	"Che cos'è?" "Questo è una pesca."	2206951	„Co to je?“ „Tohle je broskev.“
2206952	Questi parassiti si riproducono nell'organismo umano.	9177664	Tito parazité se množí v lidském organismu.
2175255	Chi è Laurie?	2206953	Kdo je Laurie?
9177686	Ha detto "sì".	2206954	Řekl „Ano“.
9177690	Disse "sì".	2206954	Řekl „Ano“.
5551687	Sono vietnamiti?	9207983	Jsou Vietnamci?
5551687	Sono vietnamiti?	9207984	Jsou to Vietnamci?
2422693	La casa è piccola.	5625243	Dům je malý.
5589195	Vorrei una camera singola.	8977395	Chtěl bych jednolůžkový pokoj.
3492545	La bottiglia conteneva del vino.	8345641	Ta láhev obsahovala víno.
4208615	Pensa che lui mi ami ancora?	9540399	Myslíte si, že mě ještě miluje?
3787505	Chiamate l'operatore al 104, allora.	9540402	Volejte operátora na 104, teď!
2838290	L'ha invitata al ballo studentesco.	9540403	Pozval jí na studentský ples.
2974972	Coloro che imparano l'inglese non possono farlo senza dei dizionari di inglese.	9540405	Ti, kdo se učí anglicky, se tento jazyk nemohou naučit bez slovníků angličtiny.
6791323	Di che cosa parla il vostro libro?	9540417	O čem hovoří vaše kniha?
6150100	Li conosci, penso.	9540419	Myslím, že je znáš.
3338923	La coda era lunga.	9542337	Kolona byla dlouhá.
2691626	Mancano ancora tre persone.	3593107	Tři osoby ještě chybí.
10048626	Le nuvole che fluttuano nel cielo sono bellissime.	458624	Ty obláčky, jak ty plují po nebi, to je ale krása!
393481	A mio padre non piace la musica.	10182289	Můj otec nemá rád hudbu.
6977389	Mio padre è ebreo e mia madre è araba.	10244049	Můj otec je Žid a moje matka Arabka.
10490271	Sono vegetariana!	10490281	Jsem vegetariánka!
3814615	Mi fa male il petto.	10656908	Bolí mě na hrudi.
